flight_id,flight_number,route_id,flight_date,scheduled_departure,actual_departure,scheduled_arrival,actual_arrival,aircraft_type,seat_capacity,flight_status,delay_minutes,distance_km,route_type,total_revenue_usd,op_cost_usd,fuel_cost_usd,pax_boarded,load_factor,is_delayed,is_cancelled
FLT00001,HF101,R001,2025-01-01,2025-01-01 10:00:00,2025-01-01 11:00:00,2025-01-01 10:50:00,2025-01-01 11:45:00,A319,122,Delayed,60.0,350,Domestic,9486.93,5993.43,2517.24,95,0.7787,True,False
FLT00002,HF102,R002,2025-01-01,2025-01-01 08:45:00,2025-01-01 08:45:00,2025-01-01 09:50:00,2025-01-01 09:45:00,A319,122,On Time,0.0,470,Domestic,8340.96,4950.57,2079.24,95,0.7787,False,False
FLT00003,HF103,R003,2025-01-01,2025-01-01 19:00:00,2025-01-01 18:55:00,2025-01-01 20:10:00,2025-01-01 20:05:00,A320,150,On Time,0.0,520,Domestic,12040.41,8038.92,3376.35,117,0.78,False,False
FLT00004,HF104,R004,2025-01-01,2025-01-01 10:15:00,2025-01-01 10:15:00,2025-01-01 11:25:00,2025-01-01 11:20:00,A319,122,Delayed,0.0,420,Regional,20500.0,12574.87,5281.45,95,0.7787,True,False
FLT00005,HF104,R004,2025-01-01,2025-01-01 10:15:00,2025-01-01 10:10:00,2025-01-01 11:25:00,2025-01-01 11:20:00,A320,150,On Time,0.0,420,Regional,19601.5,10922.19,4587.32,117,0.78,False,False
FLT00006,HF105,R005,2025-01-01,2025-01-01 06:15:00,2025-01-01 06:15:00,2025-01-01 08:25:00,2025-01-01 08:20:00,A320,150,On Time,0.0,920,Regional,27851.83,17649.15,7412.64,117,0.78,False,False
FLT00007,HF105,R005,2025-01-01,2025-01-01 10:00:00,2025-01-01 10:05:00,2025-01-01 12:10:00,2025-01-01 12:10:00,A319,122,On Time,5.0,920,Regional,20984.66,13531.47,5683.22,95,0.7787,False,False
FLT00008,HF106,R006,2025-01-01,2025-01-01 16:30:00,2025-01-01 16:35:00,2025-01-01 18:05:00,2025-01-01 18:05:00,A320neo,165,On Time,5.0,830,Regional,28529.3,16978.32,7130.89,128,0.7758,False,False
FLT00009,HF106,R006,2025-01-01,2025-01-01 22:30:00,2025-01-01 22:35:00,2025-01-02 00:05:00,2025-01-02 00:05:00,A320,150,On Time,5.0,830,Regional,19919.14,13236.1,5559.16,117,0.78,False,False
FLT00010,HF107,R007,2025-01-01,2025-01-01 13:15:00,2025-01-01 13:20:00,2025-01-01 14:40:00,2025-01-01 14:40:00,A320,150,On Time,5.0,650,Regional,22935.61,15209.85,6388.14,117,0.78,False,False
FLT00011,HF108,R008,2025-01-01,2025-01-01 22:15:00,2025-01-01 22:15:00,2025-01-01 23:55:00,2025-01-01 23:50:00,A320neo,165,Delayed,0.0,790,Regional,24276.97,16760.83,7039.55,128,0.7758,True,False
FLT00012,HF109,R009,2025-01-01,2025-01-01 08:30:00,2025-01-01 08:35:00,2025-01-01 15:00:00,2025-01-01 15:00:00,A330-900neo,242,On Time,5.0,4880,International,132055.64,89743.65,37692.33,188,0.7769,False,False
FLT00013,HF109,R009,2025-01-01,2025-01-01 08:15:00,2025-01-01 08:10:00,2025-01-01 14:45:00,2025-01-01 14:40:00,A330-900neo,242,On Time,0.0,4880,International,119291.19,81176.06,34093.95,188,0.7769,False,False
FLT00014,HF110,R010,2025-01-01,2025-01-01 22:00:00,2025-01-01 22:45:00,2025-01-01 23:10:00,2025-01-01 23:50:00,A319,122,Delayed,45.0,420,Regional,21452.99,13155.89,5525.47,95,0.7787,True,False
FLT00015,HF111,R011,2025-01-01,2025-01-01 19:30:00,2025-01-01 19:30:00,2025-01-01 21:40:00,2025-01-01 21:35:00,A320,150,On Time,0.0,920,Regional,22870.36,16180.47,6795.8,117,0.78,False,False
FLT00016,HF112,R012,2025-01-01,2025-01-01 13:00:00,2025-01-01 13:05:00,2025-01-01 14:35:00,2025-01-01 14:35:00,A320neo,165,On Time,5.0,830,Regional,22806.92,15048.66,6320.44,128,0.7758,False,False
FLT00017,HF101,R001,2025-01-02,2025-01-02 16:30:00,2025-01-02 16:30:00,2025-01-02 17:20:00,2025-01-02 17:15:00,A320,150,On Time,0.0,350,Domestic,10759.91,6846.35,2875.47,117,0.78,False,False
FLT00018,HF102,R002,2025-01-02,2025-01-02 22:45:00,2025-01-02 22:50:00,2025-01-02 23:50:00,2025-01-02 23:50:00,A319,122,On Time,5.0,470,Domestic,7058.26,4765.75,2001.62,95,0.7787,False,False
FLT00019,HF103,R003,2025-01-02,2025-01-02 16:30:00,2025-01-02 16:30:00,2025-01-02 17:40:00,2025-01-02 17:35:00,A320neo,165,On Time,0.0,520,Domestic,13029.72,8106.2,3404.6,128,0.7758,False,False
FLT00020,HF104,R004,2025-01-02,2025-01-02 06:15:00,2025-01-02 06:30:00,2025-01-02 07:25:00,2025-01-02 07:35:00,A320,150,Delayed,15.0,420,Regional,24632.38,16073.81,6751.0,117,0.78,True,False
FLT00021,HF104,R004,2025-01-02,2025-01-02 22:45:00,2025-01-02 23:45:00,2025-01-02 23:55:00,2025-01-03 00:50:00,A320,150,Delayed,60.0,420,Regional,25815.7,18002.35,7560.99,117,0.78,True,False
FLT00022,HF105,R005,2025-01-02,2025-01-02 16:15:00,,2025-01-02 18:25:00,,A319,122,Cancelled,,920,Regional,17894.4,13014.25,5465.98,95,0.7787,False,True
FLT00023,HF105,R005,2025-01-02,2025-01-02 22:30:00,2025-01-02 22:30:00,2025-01-03 00:40:00,2025-01-03 00:35:00,A320neo,165,On Time,0.0,920,Regional,30419.95,22334.68,9380.57,128,0.7758,False,False
FLT00024,HF106,R006,2025-01-02,2025-01-02 22:30:00,2025-01-02 22:30:00,2025-01-03 00:05:00,2025-01-03 00:00:00,A319,122,On Time,0.0,830,Regional,21987.72,14307.99,6009.36,95,0.7787,False,False
FLT00025,HF106,R006,2025-01-02,2025-01-02 22:45:00,2025-01-02 22:40:00,2025-01-03 00:20:00,2025-01-03 00:15:00,A320neo,165,On Time,0.0,830,Regional,28450.65,18608.29,7815.48,128,0.7758,False,False
FLT00026,HF107,R007,2025-01-02,2025-01-02 10:45:00,2025-01-02 10:40:00,2025-01-02 12:10:00,2025-01-02 12:05:00,A320,150,On Time,0.0,650,Regional,20541.82,14584.16,6125.35,117,0.78,False,False
FLT00027,HF108,R008,2025-01-02,2025-01-02 13:15:00,2025-01-02 13:15:00,2025-01-02 14:55:00,2025-01-02 14:50:00,A320,150,Delayed,0.0,790,Regional,23088.51,14150.72,5943.3,117,0.78,True,False
FLT00028,HF109,R009,2025-01-02,2025-01-02 10:30:00,2025-01-02 10:30:00,2025-01-02 17:00:00,2025-01-02 16:55:00,A330-900neo,242,On Time,0.0,4880,International,92216.43,66163.12,27788.51,188,0.7769,False,False
FLT00029,HF109,R009,2025-01-02,2025-01-02 13:00:00,2025-01-02 13:00:00,2025-01-02 19:30:00,2025-01-02 19:25:00,A330-900neo,242,On Time,0.0,4880,International,97201.54,63067.11,26488.19,188,0.7769,False,False
FLT00030,HF110,R010,2025-01-02,2025-01-02 13:00:00,2025-01-02 13:00:00,2025-01-02 14:10:00,2025-01-02 14:05:00,A320,150,On Time,0.0,420,Regional,25113.34,14394.25,6045.58,117,0.78,False,False
FLT00031,HF111,R011,2025-01-02,2025-01-02 22:15:00,2025-01-02 22:15:00,2025-01-03 00:25:00,2025-01-03 00:20:00,A319,122,On Time,0.0,920,Regional,20860.19,11773.74,4944.97,95,0.7787,False,False
FLT00032,HF112,R012,2025-01-02,2025-01-02 13:15:00,2025-01-02 13:15:00,2025-01-02 14:50:00,2025-01-02 14:45:00,A320neo,165,On Time,0.0,830,Regional,30387.3,21830.2,9168.68,128,0.7758,False,False
FLT00033,HF101,R001,2025-01-03,2025-01-03 22:45:00,2025-01-03 22:45:00,2025-01-03 23:35:00,2025-01-03 23:30:00,A320neo,165,On Time,0.0,350,Domestic,10717.4,6013.68,2525.75,128,0.7758,False,False
FLT00034,HF102,R002,2025-01-03,2025-01-03 06:30:00,2025-01-03 06:30:00,2025-01-03 07:35:00,2025-01-03 07:30:00,A319,122,On Time,0.0,470,Domestic,8106.97,4913.82,2063.8,95,0.7787,False,False
FLT00035,HF103,R003,2025-01-03,2025-01-03 19:30:00,2025-01-03 19:40:00,2025-01-03 20:40:00,2025-01-03 20:45:00,A320,150,Delayed,10.0,520,Domestic,10401.77,6416.08,2694.75,117,0.78,True,False
FLT00036,HF104,R004,2025-01-03,2025-01-03 10:45:00,2025-01-03 10:50:00,2025-01-03 11:55:00,2025-01-03 11:55:00,A320neo,165,On Time,5.0,420,Regional,22420.19,13106.82,5504.86,128,0.7758,False,False
FLT00037,HF104,R004,2025-01-03,2025-01-03 22:00:00,2025-01-03 22:00:00,2025-01-03 23:10:00,2025-01-03 23:05:00,A320,150,On Time,0.0,420,Regional,19936.07,12216.4,5130.89,117,0.78,False,False
FLT00038,HF105,R005,2025-01-03,2025-01-03 16:30:00,2025-01-03 17:30:00,2025-01-03 18:40:00,2025-01-03 19:35:00,A320neo,165,Delayed,60.0,920,Regional,25351.22,17708.8,7437.7,128,0.7758,True,False
FLT00039,HF105,R005,2025-01-03,2025-01-03 13:30:00,2025-01-03 13:35:00,2025-01-03 15:40:00,2025-01-03 15:40:00,A320,150,On Time,5.0,920,Regional,20843.87,11525.34,4840.64,117,0.78,False,False
FLT00040,HF106,R006,2025-01-03,2025-01-03 13:30:00,2025-01-03 13:30:00,2025-01-03 15:05:00,2025-01-03 15:00:00,A320,150,On Time,0.0,830,Regional,24989.46,17878.33,7508.9,117,0.78,False,False
FLT00041,HF106,R006,2025-01-03,2025-01-03 16:15:00,,2025-01-03 17:50:00,,A320neo,165,Cancelled,,830,Regional,24956.44,18001.32,7560.55,128,0.7758,False,True
FLT00042,HF107,R007,2025-01-03,2025-01-03 16:30:00,2025-01-03 16:30:00,2025-01-03 17:55:00,2025-01-03 17:50:00,A319,122,On Time,0.0,650,Regional,21528.35,13443.43,5646.24,95,0.7787,False,False
FLT00043,HF108,R008,2025-01-03,2025-01-03 22:00:00,2025-01-03 22:05:00,2025-01-03 23:40:00,2025-01-03 23:40:00,A320,150,On Time,5.0,790,Regional,25274.48,14677.46,6164.53,117,0.78,False,False
FLT00044,HF109,R009,2025-01-03,2025-01-03 13:45:00,2025-01-03 13:40:00,2025-01-03 20:15:00,2025-01-03 20:10:00,A330-900neo,242,On Time,0.0,4880,International,104333.98,69921.3,29366.95,188,0.7769,False,False
FLT00045,HF109,R009,2025-01-03,2025-01-03 06:45:00,2025-01-03 07:30:00,2025-01-03 13:15:00,2025-01-03 13:55:00,A330-900neo,242,Delayed,45.0,4880,International,127791.56,73343.99,30804.48,188,0.7769,True,False
FLT00046,HF110,R010,2025-01-03,2025-01-03 13:45:00,2025-01-03 13:50:00,2025-01-03 14:55:00,2025-01-03 14:55:00,A319,122,On Time,5.0,420,Regional,21316.21,13279.66,5577.46,95,0.7787,False,False
FLT00047,HF111,R011,2025-01-03,2025-01-03 13:45:00,2025-01-03 13:45:00,2025-01-03 15:55:00,2025-01-03 15:50:00,A319,122,On Time,0.0,920,Regional,18144.84,13457.77,5652.26,95,0.7787,False,False
FLT00048,HF112,R012,2025-01-03,2025-01-03 19:15:00,2025-01-03 19:15:00,2025-01-03 20:50:00,2025-01-03 20:45:00,A319,122,On Time,0.0,830,Regional,17391.29,13027.69,5471.63,95,0.7787,False,False
FLT00049,HF101,R001,2025-01-04,2025-01-04 16:30:00,2025-01-04 16:30:00,2025-01-04 17:20:00,2025-01-04 17:15:00,A320,150,Delayed,0.0,350,Domestic,11298.67,7959.02,3342.79,117,0.78,True,False
FLT00050,HF102,R002,2025-01-04,2025-01-04 06:15:00,2025-01-04 06:15:00,2025-01-04 07:20:00,2025-01-04 07:15:00,A320neo,165,Delayed,0.0,470,Domestic,9859.98,6036.2,2535.2,128,0.7758,True,False
FLT00051,HF103,R003,2025-01-04,2025-01-04 06:45:00,2025-01-04 06:50:00,2025-01-04 07:55:00,2025-01-04 07:55:00,A319,122,On Time,5.0,520,Domestic,7523.69,5172.79,2172.57,95,0.7787,False,False
FLT00052,HF104,R004,2025-01-04,2025-01-04 06:15:00,2025-01-04 06:15:00,2025-01-04 07:25:00,2025-01-04 07:20:00,A320,150,Delayed,0.0,420,Regional,18788.91,12984.66,5453.56,117,0.78,True,False
FLT00053,HF104,R004,2025-01-04,2025-01-04 16:45:00,2025-01-04 17:30:00,2025-01-04 17:55:00,2025-01-04 18:35:00,A319,122,Delayed,45.0,420,Regional,21180.63,13292.29,5582.76,95,0.7787,True,False
FLT00054,HF105,R005,2025-01-04,2025-01-04 22:00:00,2025-01-04 22:30:00,2025-01-05 00:10:00,2025-01-05 00:35:00,A319,122,Delayed,30.0,920,Regional,20252.87,13735.05,5768.72,95,0.7787,True,False
FLT00055,HF105,R005,2025-01-04,2025-01-04 10:15:00,2025-01-04 10:15:00,2025-01-04 12:25:00,2025-01-04 12:20:00,A319,122,On Time,0.0,920,Regional,20559.26,11351.7,4767.71,95,0.7787,False,False
FLT00056,HF106,R006,2025-01-04,2025-01-04 16:30:00,2025-01-04 16:30:00,2025-01-04 18:05:00,2025-01-04 18:00:00,A319,122,On Time,0.0,830,Regional,21133.54,12507.07,5252.97,95,0.7787,False,False
FLT00057,HF106,R006,2025-01-04,2025-01-04 13:30:00,2025-01-04 13:35:00,2025-01-04 15:05:00,2025-01-04 15:05:00,A320,150,On Time,5.0,830,Regional,23015.45,15075.53,6331.72,117,0.78,False,False
FLT00058,HF107,R007,2025-01-04,2025-01-04 16:45:00,2025-01-04 16:45:00,2025-01-04 18:10:00,2025-01-04 18:05:00,A320,150,On Time,0.0,650,Regional,24043.42,14011.31,5884.75,117,0.78,False,False
FLT00059,HF108,R008,2025-01-04,2025-01-04 08:45:00,2025-01-04 09:00:00,2025-01-04 10:25:00,2025-01-04 10:35:00,A320neo,165,Delayed,15.0,790,Regional,21911.52,12778.39,5366.92,128,0.7758,True,False
FLT00060,HF109,R009,2025-01-04,2025-01-04 10:15:00,2025-01-04 10:15:00,2025-01-04 16:45:00,2025-01-04 16:40:00,A330-900neo,242,On Time,0.0,4880,International,95407.6,68432.14,28741.5,188,0.7769,False,False
FLT00061,HF109,R009,2025-01-04,2025-01-04 16:30:00,2025-01-04 17:30:00,2025-01-04 23:00:00,2025-01-04 23:55:00,A330-900neo,242,Delayed,60.0,4880,International,120398.34,90037.08,37815.57,188,0.7769,True,False
FLT00062,HF110,R010,2025-01-04,2025-01-04 19:15:00,2025-01-04 19:15:00,2025-01-04 20:25:00,2025-01-04 20:20:00,A320,150,On Time,0.0,420,Regional,23129.46,15293.06,6423.09,117,0.78,False,False
FLT00063,HF111,R011,2025-01-04,2025-01-04 13:00:00,2025-01-04 13:00:00,2025-01-04 15:10:00,2025-01-04 15:05:00,A319,122,Delayed,0.0,920,Regional,19495.79,13994.35,5877.63,95,0.7787,True,False
FLT00064,HF112,R012,2025-01-04,2025-01-04 13:30:00,2025-01-04 13:35:00,2025-01-04 15:05:00,2025-01-04 15:05:00,A319,122,On Time,5.0,830,Regional,21013.99,15719.82,6602.32,95,0.7787,False,False
FLT00065,HF101,R001,2025-01-05,2025-01-05 10:15:00,2025-01-05 11:15:00,2025-01-05 11:05:00,2025-01-05 12:00:00,A320neo,165,Delayed,60.0,350,Domestic,12140.78,7021.25,2948.92,128,0.7758,True,False
FLT00066,HF102,R002,2025-01-05,2025-01-05 13:45:00,2025-01-05 13:40:00,2025-01-05 14:50:00,2025-01-05 14:45:00,A319,122,On Time,0.0,470,Domestic,8733.24,5586.21,2346.21,95,0.7787,False,False
FLT00067,HF103,R003,2025-01-05,2025-01-05 08:45:00,2025-01-05 08:45:00,2025-01-05 09:55:00,2025-01-05 09:50:00,A319,122,Delayed,0.0,520,Domestic,8752.49,5501.07,2310.45,95,0.7787,True,False
FLT00068,HF104,R004,2025-01-05,2025-01-05 08:00:00,2025-01-05 08:05:00,2025-01-05 09:10:00,2025-01-05 09:10:00,A320,150,Delayed,5.0,420,Regional,21564.97,12205.99,5126.52,117,0.78,True,False
FLT00069,HF104,R004,2025-01-05,2025-01-05 06:15:00,2025-01-05 06:15:00,2025-01-05 07:25:00,2025-01-05 07:20:00,A320neo,165,On Time,0.0,420,Regional,20795.57,14579.07,6123.21,128,0.7758,False,False
FLT00070,HF105,R005,2025-01-05,2025-01-05 22:15:00,2025-01-05 22:15:00,2025-01-06 00:25:00,2025-01-06 00:20:00,A319,122,On Time,0.0,920,Regional,18519.05,11792.11,4952.69,95,0.7787,False,False
FLT00071,HF105,R005,2025-01-05,2025-01-05 22:15:00,2025-01-05 22:10:00,2025-01-06 00:25:00,2025-01-06 00:20:00,A320,150,On Time,0.0,920,Regional,20728.51,13346.37,5605.48,117,0.78,False,False
FLT00072,HF106,R006,2025-01-05,2025-01-05 08:00:00,,2025-01-05 09:35:00,,A320,150,Cancelled,,830,Regional,22543.83,13078.46,5492.95,117,0.78,False,True
FLT00073,HF106,R006,2025-01-05,2025-01-05 08:30:00,2025-01-05 09:15:00,2025-01-05 10:05:00,2025-01-05 10:45:00,A320,150,Delayed,45.0,830,Regional,26707.85,15655.75,6575.42,117,0.78,True,False
FLT00074,HF107,R007,2025-01-05,2025-01-05 08:00:00,2025-01-05 08:00:00,2025-01-05 09:25:00,2025-01-05 09:20:00,A319,122,Delayed,0.0,650,Regional,16977.94,12418.02,5215.57,95,0.7787,True,False
FLT00075,HF108,R008,2025-01-05,2025-01-05 08:45:00,2025-01-05 08:45:00,2025-01-05 10:25:00,2025-01-05 10:20:00,A319,122,On Time,0.0,790,Regional,15643.1,8743.4,3672.23,95,0.7787,False,False
FLT00076,HF109,R009,2025-01-05,2025-01-05 19:15:00,2025-01-05 19:15:00,2025-01-06 01:45:00,2025-01-06 01:40:00,A330-900neo,242,On Time,0.0,4880,International,102936.04,61408.6,25791.61,188,0.7769,False,False
FLT00077,HF109,R009,2025-01-05,2025-01-05 10:15:00,2025-01-05 10:15:00,2025-01-05 16:45:00,2025-01-05 16:40:00,A330-900neo,242,On Time,0.0,4880,International,103486.95,62962.69,26444.33,188,0.7769,False,False
FLT00078,HF110,R010,2025-01-05,2025-01-05 13:00:00,2025-01-05 13:00:00,2025-01-05 14:10:00,2025-01-05 14:05:00,A319,122,On Time,0.0,420,Regional,20230.57,13110.21,5506.29,95,0.7787,False,False
FLT00079,HF111,R011,2025-01-05,2025-01-05 08:00:00,2025-01-05 08:00:00,2025-01-05 10:10:00,2025-01-05 10:05:00,A319,122,On Time,0.0,920,Regional,19433.44,12967.72,5446.44,95,0.7787,False,False
FLT00080,HF112,R012,2025-01-05,2025-01-05 13:30:00,2025-01-05 13:25:00,2025-01-05 15:05:00,2025-01-05 15:00:00,A319,122,On Time,0.0,830,Regional,21157.63,13724.07,5764.11,95,0.7787,False,False
FLT00081,HF101,R001,2025-01-06,2025-01-06 22:30:00,2025-01-06 22:25:00,2025-01-06 23:20:00,2025-01-06 23:15:00,A319,122,On Time,0.0,350,Domestic,9111.95,5164.86,2169.24,95,0.7787,False,False
FLT00082,HF102,R002,2025-01-06,2025-01-06 10:45:00,2025-01-06 10:40:00,2025-01-06 11:50:00,2025-01-06 11:45:00,A320,150,On Time,0.0,470,Domestic,10135.7,6068.58,2548.8,117,0.78,False,False
FLT00083,HF103,R003,2025-01-06,2025-01-06 08:45:00,2025-01-06 08:40:00,2025-01-06 09:55:00,2025-01-06 09:50:00,A320,150,On Time,0.0,520,Domestic,11852.65,8518.71,3577.86,117,0.78,False,False
FLT00084,HF104,R004,2025-01-06,2025-01-06 08:15:00,2025-01-06 08:15:00,2025-01-06 09:25:00,2025-01-06 09:20:00,A319,122,On Time,0.0,420,Regional,16468.99,11158.03,4686.37,95,0.7787,False,False
FLT00085,HF104,R004,2025-01-06,2025-01-06 06:00:00,,2025-01-06 07:10:00,,A320,150,Cancelled,,420,Regional,18932.59,12870.94,5405.79,117,0.78,False,True
FLT00086,HF105,R005,2025-01-06,2025-01-06 08:15:00,2025-01-06 08:15:00,2025-01-06 10:25:00,2025-01-06 10:20:00,A319,122,On Time,0.0,920,Regional,15884.36,10865.55,4563.53,95,0.7787,False,False
FLT00087,HF105,R005,2025-01-06,2025-01-06 10:30:00,2025-01-06 10:30:00,2025-01-06 12:40:00,2025-01-06 12:35:00,A319,122,On Time,0.0,920,Regional,20689.93,14536.34,6105.26,95,0.7787,False,False
FLT00088,HF106,R006,2025-01-06,2025-01-06 19:30:00,2025-01-06 19:25:00,2025-01-06 21:05:00,2025-01-06 21:00:00,A320,150,On Time,0.0,830,Regional,23043.17,12941.54,5435.45,117,0.78,False,False
FLT00089,HF106,R006,2025-01-06,2025-01-06 19:45:00,2025-01-06 19:40:00,2025-01-06 21:20:00,2025-01-06 21:15:00,A320neo,165,On Time,0.0,830,Regional,22131.42,13794.99,5793.9,128,0.7758,False,False
FLT00090,HF107,R007,2025-01-06,2025-01-06 22:15:00,2025-01-06 22:10:00,2025-01-06 23:40:00,2025-01-06 23:35:00,A320,150,On Time,0.0,650,Regional,23409.78,15401.42,6468.6,117,0.78,False,False
FLT00091,HF108,R008,2025-01-06,2025-01-06 06:00:00,2025-01-06 06:05:00,2025-01-06 07:40:00,2025-01-06 07:40:00,A319,122,On Time,5.0,790,Regional,16357.57,10103.93,4243.65,95,0.7787,False,False
FLT00092,HF109,R009,2025-01-06,2025-01-06 19:15:00,2025-01-06 19:15:00,2025-01-07 01:45:00,2025-01-07 01:40:00,A330-900neo,242,On Time,0.0,4880,International,121657.98,87459.41,36732.95,188,0.7769,False,False
FLT00093,HF109,R009,2025-01-06,2025-01-06 06:30:00,2025-01-06 06:35:00,2025-01-06 13:00:00,2025-01-06 13:00:00,A330-900neo,242,Delayed,5.0,4880,International,110370.57,71356.17,29969.59,188,0.7769,True,False
FLT00094,HF110,R010,2025-01-06,2025-01-06 10:15:00,2025-01-06 10:15:00,2025-01-06 11:25:00,2025-01-06 11:20:00,A319,122,On Time,0.0,420,Regional,18095.76,12734.45,5348.47,95,0.7787,False,False
FLT00095,HF111,R011,2025-01-06,2025-01-06 06:45:00,2025-01-06 06:40:00,2025-01-06 08:55:00,2025-01-06 08:50:00,A320,150,On Time,0.0,920,Regional,21542.15,15519.03,6517.99,117,0.78,False,False
FLT00096,HF112,R012,2025-01-06,2025-01-06 06:15:00,2025-01-06 06:15:00,2025-01-06 07:50:00,2025-01-06 07:45:00,A320,150,On Time,0.0,830,Regional,24619.45,16026.24,6731.02,117,0.78,False,False
FLT00097,HF101,R001,2025-01-07,2025-01-07 16:00:00,2025-01-07 16:00:00,2025-01-07 16:50:00,2025-01-07 16:45:00,A319,122,On Time,0.0,350,Domestic,8077.4,5911.93,2483.01,95,0.7787,False,False
FLT00098,HF102,R002,2025-01-07,2025-01-07 16:00:00,2025-01-07 16:00:00,2025-01-07 17:05:00,2025-01-07 17:00:00,A320,150,On Time,0.0,470,Domestic,8793.18,5868.79,2464.89,117,0.78,False,False
FLT00099,HF103,R003,2025-01-07,2025-01-07 10:45:00,2025-01-07 10:45:00,2025-01-07 11:55:00,2025-01-07 11:50:00,A319,122,On Time,0.0,520,Domestic,7243.58,5215.77,2190.62,95,0.7787,False,False
FLT00100,HF104,R004,2025-01-07,2025-01-07 19:15:00,2025-01-07 19:15:00,2025-01-07 20:25:00,2025-01-07 20:20:00,A319,122,Delayed,0.0,420,Regional,22510.42,13914.1,5843.92,95,0.7787,True,False
FLT00101,HF104,R004,2025-01-07,2025-01-07 06:45:00,2025-01-07 06:55:00,2025-01-07 07:55:00,2025-01-07 08:00:00,A320neo,165,Delayed,10.0,420,Regional,29783.87,19352.47,8128.04,128,0.7758,True,False
FLT00102,HF105,R005,2025-01-07,2025-01-07 19:15:00,2025-01-07 19:15:00,2025-01-07 21:25:00,2025-01-07 21:20:00,A319,122,On Time,0.0,920,Regional,20517.77,13465.45,5655.49,95,0.7787,False,False
FLT00103,HF105,R005,2025-01-07,2025-01-07 22:30:00,,2025-01-08 00:40:00,,A320,150,Cancelled,,920,Regional,21208.54,12109.99,5086.2,117,0.78,False,True
FLT00104,HF106,R006,2025-01-07,2025-01-07 13:00:00,2025-01-07 12:55:00,2025-01-07 14:35:00,2025-01-07 14:30:00,A319,122,On Time,0.0,830,Regional,22565.74,14209.88,5968.15,95,0.7787,False,False
FLT00105,HF106,R006,2025-01-07,2025-01-07 19:15:00,2025-01-07 19:10:00,2025-01-07 20:50:00,2025-01-07 20:45:00,A320neo,165,On Time,0.0,830,Regional,28454.41,20870.39,8765.56,128,0.7758,False,False
FLT00106,HF107,R007,2025-01-07,2025-01-07 22:15:00,2025-01-07 22:10:00,2025-01-07 23:40:00,2025-01-07 23:35:00,A320,150,On Time,0.0,650,Regional,25430.09,17194.97,7221.89,117,0.78,False,False
FLT00107,HF108,R008,2025-01-07,2025-01-07 06:15:00,2025-01-07 06:15:00,2025-01-07 07:55:00,2025-01-07 07:50:00,A320neo,165,On Time,0.0,790,Regional,25081.46,14685.23,6167.8,128,0.7758,False,False
FLT00108,HF109,R009,2025-01-07,2025-01-07 22:30:00,2025-01-07 22:35:00,2025-01-08 05:00:00,2025-01-08 05:00:00,A330-900neo,242,On Time,5.0,4880,International,102523.54,63336.08,26601.15,188,0.7769,False,False
FLT00109,HF109,R009,2025-01-07,2025-01-07 16:15:00,2025-01-07 16:20:00,2025-01-07 22:45:00,2025-01-07 22:45:00,A330-900neo,242,On Time,5.0,4880,International,94589.16,55648.75,23372.48,188,0.7769,False,False
FLT00110,HF110,R010,2025-01-07,2025-01-07 22:45:00,2025-01-07 22:45:00,2025-01-07 23:55:00,2025-01-07 23:50:00,A319,122,On Time,0.0,420,Regional,22059.78,12242.4,5141.81,95,0.7787,False,False
FLT00111,HF111,R011,2025-01-07,2025-01-07 19:15:00,2025-01-07 19:15:00,2025-01-07 21:25:00,2025-01-07 21:20:00,A320,150,On Time,0.0,920,Regional,22986.07,16906.07,7100.55,117,0.78,False,False
FLT00112,HF112,R012,2025-01-07,2025-01-07 08:15:00,2025-01-07 08:45:00,2025-01-07 09:50:00,2025-01-07 10:15:00,A320neo,165,Delayed,30.0,830,Regional,22552.2,14425.32,6058.63,128,0.7758,True,False
FLT00113,HF101,R001,2025-01-08,2025-01-08 19:00:00,,2025-01-08 19:50:00,,A320,150,Cancelled,,350,Domestic,9712.69,5939.38,2494.54,117,0.78,False,True
FLT00114,HF102,R002,2025-01-08,2025-01-08 06:45:00,2025-01-08 06:40:00,2025-01-08 07:50:00,2025-01-08 07:45:00,A320,150,On Time,0.0,470,Domestic,10863.67,7275.35,3055.65,117,0.78,False,False
FLT00115,HF103,R003,2025-01-08,2025-01-08 22:00:00,2025-01-08 21:55:00,2025-01-08 23:10:00,2025-01-08 23:05:00,A320neo,165,On Time,0.0,520,Domestic,10030.57,5531.49,2323.23,128,0.7758,False,False
FLT00116,HF104,R004,2025-01-08,2025-01-08 22:30:00,2025-01-08 23:00:00,2025-01-08 23:40:00,2025-01-09 00:05:00,A319,122,Delayed,30.0,420,Regional,21710.27,13147.84,5522.09,95,0.7787,True,False
FLT00117,HF104,R004,2025-01-08,2025-01-08 16:15:00,2025-01-08 17:15:00,2025-01-08 17:25:00,2025-01-08 18:20:00,A320,150,Delayed,60.0,420,Regional,25819.74,17831.29,7489.14,117,0.78,True,False
FLT00118,HF105,R005,2025-01-08,2025-01-08 08:30:00,2025-01-08 08:30:00,2025-01-08 10:40:00,2025-01-08 10:35:00,A320,150,Delayed,0.0,920,Regional,25454.17,17226.21,7235.01,117,0.78,True,False
FLT00119,HF105,R005,2025-01-08,2025-01-08 19:45:00,2025-01-08 19:50:00,2025-01-08 21:55:00,2025-01-08 21:55:00,A320neo,165,Delayed,5.0,920,Regional,24904.63,18587.85,7806.9,128,0.7758,True,False
FLT00120,HF106,R006,2025-01-08,2025-01-08 13:45:00,2025-01-08 14:00:00,2025-01-08 15:20:00,2025-01-08 15:30:00,A320neo,165,Delayed,15.0,830,Regional,26903.64,18134.98,7616.69,128,0.7758,True,False
FLT00121,HF106,R006,2025-01-08,2025-01-08 19:00:00,2025-01-08 19:00:00,2025-01-08 20:35:00,2025-01-08 20:30:00,A320,150,On Time,0.0,830,Regional,24187.16,15612.84,6557.39,117,0.78,False,False
FLT00122,HF107,R007,2025-01-08,2025-01-08 08:15:00,2025-01-08 08:15:00,2025-01-08 09:40:00,2025-01-08 09:35:00,A320neo,165,On Time,0.0,650,Regional,27134.43,19056.14,8003.58,128,0.7758,False,False
FLT00123,HF108,R008,2025-01-08,2025-01-08 13:00:00,2025-01-08 13:00:00,2025-01-08 14:40:00,2025-01-08 14:35:00,A320,150,On Time,0.0,790,Regional,19510.4,14255.58,5987.34,117,0.78,False,False
FLT00124,HF109,R009,2025-01-08,2025-01-08 22:45:00,2025-01-08 22:40:00,2025-01-09 05:15:00,2025-01-09 05:10:00,A330-900neo,242,On Time,0.0,4880,International,109001.23,75662.03,31778.05,188,0.7769,False,False
FLT00125,HF109,R009,2025-01-08,2025-01-08 08:30:00,2025-01-08 08:35:00,2025-01-08 15:00:00,2025-01-08 15:00:00,A330-900neo,242,On Time,5.0,4880,International,92117.63,68410.44,28732.38,188,0.7769,False,False
FLT00126,HF110,R010,2025-01-08,2025-01-08 22:30:00,2025-01-08 22:25:00,2025-01-08 23:40:00,2025-01-08 23:35:00,A320,150,On Time,0.0,420,Regional,23343.75,16490.05,6925.82,117,0.78,False,False
FLT00127,HF111,R011,2025-01-08,2025-01-08 06:45:00,2025-01-08 06:45:00,2025-01-08 08:55:00,2025-01-08 08:50:00,A320neo,165,On Time,0.0,920,Regional,23857.78,17257.77,7248.26,128,0.7758,False,False
FLT00128,HF112,R012,2025-01-08,2025-01-08 13:15:00,2025-01-08 13:10:00,2025-01-08 14:50:00,2025-01-08 14:45:00,A319,122,On Time,0.0,830,Regional,16298.38,9336.05,3921.14,95,0.7787,False,False
FLT00129,HF101,R001,2025-01-09,2025-01-09 10:45:00,2025-01-09 10:45:00,2025-01-09 11:35:00,2025-01-09 11:30:00,A320neo,165,Delayed,0.0,350,Domestic,9692.48,6750.64,2835.27,128,0.7758,True,False
FLT00130,HF102,R002,2025-01-09,2025-01-09 10:30:00,2025-01-09 10:30:00,2025-01-09 11:35:00,2025-01-09 11:30:00,A320,150,On Time,0.0,470,Domestic,10899.16,6953.86,2920.62,117,0.78,False,False
FLT00131,HF103,R003,2025-01-09,2025-01-09 19:45:00,2025-01-09 19:45:00,2025-01-09 20:55:00,2025-01-09 20:50:00,A320neo,165,On Time,0.0,520,Domestic,10002.09,6607.59,2775.19,128,0.7758,False,False
FLT00132,HF104,R004,2025-01-09,2025-01-09 06:15:00,2025-01-09 06:20:00,2025-01-09 07:25:00,2025-01-09 07:25:00,A319,122,On Time,5.0,420,Regional,22230.91,15135.26,6356.81,95,0.7787,False,False
FLT00133,HF104,R004,2025-01-09,2025-01-09 22:15:00,2025-01-09 22:15:00,2025-01-09 23:25:00,2025-01-09 23:20:00,A320,150,On Time,0.0,420,Regional,24158.73,17973.2,7548.74,117,0.78,False,False
FLT00134,HF105,R005,2025-01-09,2025-01-09 10:15:00,2025-01-09 10:20:00,2025-01-09 12:25:00,2025-01-09 12:25:00,A320neo,165,On Time,5.0,920,Regional,24031.95,17949.84,7538.93,128,0.7758,False,False
FLT00135,HF105,R005,2025-01-09,2025-01-09 10:45:00,2025-01-09 10:45:00,2025-01-09 12:55:00,2025-01-09 12:50:00,A320neo,165,On Time,0.0,920,Regional,26530.97,16121.43,6771.0,128,0.7758,False,False
FLT00136,HF106,R006,2025-01-09,2025-01-09 22:15:00,2025-01-09 22:10:00,2025-01-09 23:50:00,2025-01-09 23:45:00,A319,122,On Time,0.0,830,Regional,15373.31,10711.36,4498.77,95,0.7787,False,False
FLT00137,HF106,R006,2025-01-09,2025-01-09 22:15:00,2025-01-09 22:20:00,2025-01-09 23:50:00,2025-01-09 23:50:00,A319,122,On Time,5.0,830,Regional,22485.05,15739.46,6610.57,95,0.7787,False,False
FLT00138,HF107,R007,2025-01-09,2025-01-09 16:30:00,2025-01-09 16:30:00,2025-01-09 17:55:00,2025-01-09 17:50:00,A320neo,165,Delayed,0.0,650,Regional,25418.79,15741.82,6611.56,128,0.7758,True,False
FLT00139,HF108,R008,2025-01-09,2025-01-09 16:45:00,2025-01-09 16:50:00,2025-01-09 18:25:00,2025-01-09 18:25:00,A320,150,On Time,5.0,790,Regional,26046.4,14970.79,6287.73,117,0.78,False,False
FLT00140,HF109,R009,2025-01-09,2025-01-09 06:30:00,2025-01-09 06:30:00,2025-01-09 13:00:00,2025-01-09 12:55:00,A330-900neo,242,On Time,0.0,4880,International,93972.78,52454.61,22030.94,188,0.7769,False,False
FLT00141,HF109,R009,2025-01-09,2025-01-09 10:30:00,2025-01-09 10:35:00,2025-01-09 17:00:00,2025-01-09 17:00:00,A330-900neo,242,On Time,5.0,4880,International,112198.02,79152.18,33243.92,188,0.7769,False,False
FLT00142,HF110,R010,2025-01-09,2025-01-09 16:00:00,2025-01-09 17:00:00,2025-01-09 17:10:00,2025-01-09 18:05:00,A320,150,Delayed,60.0,420,Regional,23313.02,15105.44,6344.28,117,0.78,True,False
FLT00143,HF111,R011,2025-01-09,2025-01-09 10:00:00,2025-01-09 09:55:00,2025-01-09 12:10:00,2025-01-09 12:05:00,A320neo,165,On Time,0.0,920,Regional,30083.34,22475.51,9439.71,128,0.7758,False,False
FLT00144,HF112,R012,2025-01-09,2025-01-09 16:45:00,2025-01-09 16:45:00,2025-01-09 18:20:00,2025-01-09 18:15:00,A320neo,165,On Time,0.0,830,Regional,26334.5,16932.94,7111.83,128,0.7758,False,False
FLT00145,HF101,R001,2025-01-10,2025-01-10 19:45:00,2025-01-10 19:50:00,2025-01-10 20:35:00,2025-01-10 20:35:00,A320,150,On Time,5.0,350,Domestic,10418.34,7767.74,3262.45,117,0.78,False,False
FLT00146,HF102,R002,2025-01-10,2025-01-10 08:00:00,,2025-01-10 09:05:00,,A320,150,Cancelled,,470,Domestic,9548.5,6037.66,2535.82,117,0.78,False,True
FLT00147,HF103,R003,2025-01-10,2025-01-10 08:15:00,2025-01-10 08:10:00,2025-01-10 09:25:00,2025-01-10 09:20:00,A320neo,165,On Time,0.0,520,Domestic,10743.87,7614.57,3198.12,128,0.7758,False,False
FLT00148,HF104,R004,2025-01-10,2025-01-10 13:15:00,2025-01-10 13:30:00,2025-01-10 14:25:00,2025-01-10 14:35:00,A320neo,165,Delayed,15.0,420,Regional,25811.69,14634.3,6146.41,128,0.7758,True,False
FLT00149,HF104,R004,2025-01-10,2025-01-10 19:15:00,2025-01-10 19:10:00,2025-01-10 20:25:00,2025-01-10 20:20:00,A320neo,165,On Time,0.0,420,Regional,24974.45,16510.42,6934.38,128,0.7758,False,False
FLT00150,HF105,R005,2025-01-10,2025-01-10 13:45:00,2025-01-10 13:50:00,2025-01-10 15:55:00,2025-01-10 15:55:00,A320neo,165,On Time,5.0,920,Regional,20701.31,14706.46,6176.71,128,0.7758,False,False
FLT00151,HF105,R005,2025-01-10,2025-01-10 13:30:00,2025-01-10 13:30:00,2025-01-10 15:40:00,2025-01-10 15:35:00,A320,150,On Time,0.0,920,Regional,26454.09,19442.18,8165.72,117,0.78,False,False
FLT00152,HF106,R006,2025-01-10,2025-01-10 08:45:00,2025-01-10 09:15:00,2025-01-10 10:20:00,2025-01-10 10:45:00,A320neo,165,Delayed,30.0,830,Regional,29656.69,21190.2,8899.88,128,0.7758,True,False
FLT00153,HF106,R006,2025-01-10,2025-01-10 08:15:00,2025-01-10 08:15:00,2025-01-10 09:50:00,2025-01-10 09:45:00,A319,122,On Time,0.0,830,Regional,16265.89,9066.51,3807.93,95,0.7787,False,False
FLT00154,HF107,R007,2025-01-10,2025-01-10 10:15:00,2025-01-10 10:15:00,2025-01-10 11:40:00,2025-01-10 11:35:00,A319,122,On Time,0.0,650,Regional,19410.67,12122.75,5091.55,95,0.7787,False,False
FLT00155,HF108,R008,2025-01-10,2025-01-10 13:30:00,,2025-01-10 15:10:00,,A319,122,Cancelled,,790,Regional,16025.18,8969.93,3767.37,95,0.7787,False,True
FLT00156,HF109,R009,2025-01-10,2025-01-10 10:30:00,2025-01-10 11:30:00,2025-01-10 17:00:00,2025-01-10 17:55:00,A330-900neo,242,Delayed,60.0,4880,International,120571.47,68949.57,28958.82,188,0.7769,True,False
FLT00157,HF109,R009,2025-01-10,2025-01-10 08:30:00,2025-01-10 09:15:00,2025-01-10 15:00:00,2025-01-10 15:40:00,A330-900neo,242,Delayed,45.0,4880,International,102929.27,70512.84,29615.39,188,0.7769,True,False
FLT00158,HF110,R010,2025-01-10,2025-01-10 06:30:00,2025-01-10 06:35:00,2025-01-10 07:40:00,2025-01-10 07:40:00,A320,150,On Time,5.0,420,Regional,24892.2,17241.62,7241.48,117,0.78,False,False
FLT00159,HF111,R011,2025-01-10,2025-01-10 22:45:00,2025-01-10 22:50:00,2025-01-11 00:55:00,2025-01-11 00:55:00,A319,122,On Time,5.0,920,Regional,20725.16,14605.93,6134.49,95,0.7787,False,False
FLT00160,HF112,R012,2025-01-10,2025-01-10 16:45:00,2025-01-10 16:40:00,2025-01-10 18:20:00,2025-01-10 18:15:00,A320,150,On Time,0.0,830,Regional,25914.54,18738.58,7870.2,117,0.78,False,False
FLT00161,HF101,R001,2025-01-11,2025-01-11 08:30:00,2025-01-11 09:15:00,2025-01-11 09:20:00,2025-01-11 10:00:00,A320,150,Delayed,45.0,350,Domestic,8877.8,6195.69,2602.19,117,0.78,True,False
FLT00162,HF102,R002,2025-01-11,2025-01-11 22:00:00,2025-01-11 22:05:00,2025-01-11 23:05:00,2025-01-11 23:05:00,A320,150,On Time,5.0,470,Domestic,12282.24,8722.53,3663.46,117,0.78,False,False
FLT00163,HF103,R003,2025-01-11,2025-01-11 16:30:00,2025-01-11 16:45:00,2025-01-11 17:40:00,2025-01-11 17:50:00,A319,122,Delayed,15.0,520,Domestic,7627.33,4269.72,1793.28,95,0.7787,True,False
FLT00164,HF104,R004,2025-01-11,2025-01-11 13:00:00,2025-01-11 13:00:00,2025-01-11 14:10:00,2025-01-11 14:05:00,A320neo,165,On Time,0.0,420,Regional,20863.1,12453.33,5230.4,128,0.7758,False,False
FLT00165,HF104,R004,2025-01-11,2025-01-11 10:30:00,2025-01-11 10:25:00,2025-01-11 11:40:00,2025-01-11 11:35:00,A319,122,On Time,0.0,420,Regional,19416.88,13094.35,5499.63,95,0.7787,False,False
FLT00166,HF105,R005,2025-01-11,2025-01-11 16:00:00,2025-01-11 16:45:00,2025-01-11 18:10:00,2025-01-11 18:50:00,A320neo,165,Delayed,45.0,920,Regional,24278.24,17519.79,7358.31,128,0.7758,True,False
FLT00167,HF105,R005,2025-01-11,2025-01-11 22:00:00,2025-01-11 22:05:00,2025-01-12 00:10:00,2025-01-12 00:10:00,A319,122,Delayed,5.0,920,Regional,21506.4,11847.88,4976.11,95,0.7787,True,False
FLT00168,HF106,R006,2025-01-11,2025-01-11 19:00:00,2025-01-11 19:30:00,2025-01-11 20:35:00,2025-01-11 21:00:00,A320,150,Delayed,30.0,830,Regional,26285.23,17162.31,7208.17,117,0.78,True,False
FLT00169,HF106,R006,2025-01-11,2025-01-11 13:45:00,2025-01-11 13:45:00,2025-01-11 15:20:00,2025-01-11 15:15:00,A320,150,On Time,0.0,830,Regional,21688.42,14866.49,6243.93,117,0.78,False,False
FLT00170,HF107,R007,2025-01-11,2025-01-11 22:15:00,2025-01-11 23:00:00,2025-01-11 23:40:00,2025-01-12 00:20:00,A319,122,Delayed,45.0,650,Regional,22442.04,12476.01,5239.92,95,0.7787,True,False
FLT00171,HF108,R008,2025-01-11,2025-01-11 19:30:00,2025-01-11 19:25:00,2025-01-11 21:10:00,2025-01-11 21:05:00,A320,150,On Time,0.0,790,Regional,21442.99,13514.9,5676.26,117,0.78,False,False
FLT00172,HF109,R009,2025-01-11,2025-01-11 13:00:00,2025-01-11 13:00:00,2025-01-11 19:30:00,2025-01-11 19:25:00,A330-900neo,242,On Time,0.0,4880,International,113479.38,82740.88,34751.17,188,0.7769,False,False
FLT00173,HF109,R009,2025-01-11,2025-01-11 16:45:00,2025-01-11 16:45:00,2025-01-11 23:15:00,2025-01-11 23:10:00,A330-900neo,242,On Time,0.0,4880,International,101789.14,69656.61,29255.78,188,0.7769,False,False
FLT00174,HF110,R010,2025-01-11,2025-01-11 22:15:00,2025-01-11 22:15:00,2025-01-11 23:25:00,2025-01-11 23:20:00,A320neo,165,On Time,0.0,420,Regional,30065.09,17964.84,7545.23,128,0.7758,False,False
FLT00175,HF111,R011,2025-01-11,2025-01-11 16:00:00,2025-01-11 16:45:00,2025-01-11 18:10:00,2025-01-11 18:50:00,A319,122,Delayed,45.0,920,Regional,16451.02,11853.88,4978.63,95,0.7787,True,False
FLT00176,HF112,R012,2025-01-11,2025-01-11 10:15:00,2025-01-11 10:20:00,2025-01-11 11:50:00,2025-01-11 11:50:00,A320neo,165,On Time,5.0,830,Regional,20939.88,12974.48,5449.28,128,0.7758,False,False
FLT00177,HF101,R001,2025-01-12,2025-01-12 16:30:00,2025-01-12 16:45:00,2025-01-12 17:20:00,2025-01-12 17:30:00,A320neo,165,Delayed,15.0,350,Domestic,11220.93,8086.58,3396.36,128,0.7758,True,False
FLT00178,HF102,R002,2025-01-12,2025-01-12 16:15:00,2025-01-12 16:15:00,2025-01-12 17:20:00,2025-01-12 17:15:00,A320,150,Delayed,0.0,470,Domestic,12603.89,7685.71,3228.0,117,0.78,True,False
FLT00179,HF103,R003,2025-01-12,2025-01-12 10:00:00,2025-01-12 09:55:00,2025-01-12 11:10:00,2025-01-12 11:05:00,A320neo,165,On Time,0.0,520,Domestic,13324.85,8901.85,3738.78,128,0.7758,False,False
FLT00180,HF104,R004,2025-01-12,2025-01-12 06:30:00,2025-01-12 06:30:00,2025-01-12 07:40:00,2025-01-12 07:35:00,A320,150,On Time,0.0,420,Regional,25726.97,16192.25,6800.74,117,0.78,False,False
FLT00181,HF104,R004,2025-01-12,2025-01-12 13:30:00,2025-01-12 13:25:00,2025-01-12 14:40:00,2025-01-12 14:35:00,A320,150,On Time,0.0,420,Regional,27057.82,16369.03,6874.99,117,0.78,False,False
FLT00182,HF105,R005,2025-01-12,2025-01-12 06:45:00,2025-01-12 06:45:00,2025-01-12 08:55:00,2025-01-12 08:50:00,A319,122,On Time,0.0,920,Regional,21990.19,15993.72,6717.36,95,0.7787,False,False
FLT00183,HF105,R005,2025-01-12,2025-01-12 19:30:00,,2025-01-12 21:40:00,,A320neo,165,Cancelled,,920,Regional,25793.11,15153.94,6364.65,128,0.7758,False,True
FLT00184,HF106,R006,2025-01-12,2025-01-12 16:15:00,2025-01-12 16:15:00,2025-01-12 17:50:00,2025-01-12 17:45:00,A319,122,On Time,0.0,830,Regional,17601.06,9979.14,4191.24,95,0.7787,False,False
FLT00185,HF106,R006,2025-01-12,2025-01-12 22:00:00,2025-01-12 21:55:00,2025-01-12 23:35:00,2025-01-12 23:30:00,A319,122,On Time,0.0,830,Regional,21067.29,13027.7,5471.63,95,0.7787,False,False
FLT00186,HF107,R007,2025-01-12,2025-01-12 22:30:00,2025-01-12 22:30:00,2025-01-12 23:55:00,2025-01-12 23:50:00,A319,122,On Time,0.0,650,Regional,20228.63,14029.12,5892.23,95,0.7787,False,False
FLT00187,HF108,R008,2025-01-12,2025-01-12 19:00:00,2025-01-12 19:05:00,2025-01-12 20:40:00,2025-01-12 20:40:00,A320,150,On Time,5.0,790,Regional,22217.44,15807.4,6639.11,117,0.78,False,False
FLT00188,HF109,R009,2025-01-12,2025-01-12 16:45:00,2025-01-12 16:40:00,2025-01-12 23:15:00,2025-01-12 23:10:00,A330-900neo,242,On Time,0.0,4880,International,94502.34,70853.0,29758.26,188,0.7769,False,False
FLT00189,HF109,R009,2025-01-12,2025-01-12 22:30:00,,2025-01-13 05:00:00,,A330-900neo,242,Cancelled,,4880,International,123935.15,75510.27,31714.31,188,0.7769,False,True
FLT00190,HF110,R010,2025-01-12,2025-01-12 10:30:00,2025-01-12 10:30:00,2025-01-12 11:40:00,2025-01-12 11:35:00,A320,150,On Time,0.0,420,Regional,21176.63,13374.91,5617.46,117,0.78,False,False
FLT00191,HF111,R011,2025-01-12,2025-01-12 13:45:00,,2025-01-12 15:55:00,,A320neo,165,Cancelled,,920,Regional,30072.97,17363.06,7292.49,128,0.7758,False,True
FLT00192,HF112,R012,2025-01-12,2025-01-12 16:45:00,2025-01-12 16:45:00,2025-01-12 18:20:00,2025-01-12 18:15:00,A320neo,165,On Time,0.0,830,Regional,22947.54,15259.53,6409.0,128,0.7758,False,False
FLT00193,HF101,R001,2025-01-13,2025-01-13 06:45:00,2025-01-13 06:40:00,2025-01-13 07:35:00,2025-01-13 07:30:00,A319,122,On Time,0.0,350,Domestic,7259.83,5441.36,2285.37,95,0.7787,False,False
FLT00194,HF102,R002,2025-01-13,2025-01-13 19:00:00,2025-01-13 19:00:00,2025-01-13 20:05:00,2025-01-13 20:00:00,A319,122,On Time,0.0,470,Domestic,9682.41,6682.57,2806.68,95,0.7787,False,False
FLT00195,HF103,R003,2025-01-13,2025-01-13 22:30:00,2025-01-13 22:30:00,2025-01-13 23:40:00,2025-01-13 23:35:00,A320neo,165,On Time,0.0,520,Domestic,9922.33,6638.46,2788.15,128,0.7758,False,False
FLT00196,HF104,R004,2025-01-13,2025-01-13 19:00:00,2025-01-13 19:00:00,2025-01-13 20:10:00,2025-01-13 20:05:00,A320neo,165,Delayed,0.0,420,Regional,22315.71,14024.84,5890.43,128,0.7758,True,False
FLT00197,HF104,R004,2025-01-13,2025-01-13 06:30:00,2025-01-13 06:30:00,2025-01-13 07:40:00,2025-01-13 07:35:00,A319,122,On Time,0.0,420,Regional,19755.31,14481.82,6082.36,95,0.7787,False,False
FLT00198,HF105,R005,2025-01-13,2025-01-13 16:30:00,2025-01-13 16:30:00,2025-01-13 18:40:00,2025-01-13 18:35:00,A320neo,165,On Time,0.0,920,Regional,29435.52,19114.94,8028.27,128,0.7758,False,False
FLT00199,HF105,R005,2025-01-13,2025-01-13 10:30:00,2025-01-13 10:30:00,2025-01-13 12:40:00,2025-01-13 12:35:00,A320neo,165,On Time,0.0,920,Regional,22491.49,12974.74,5449.39,128,0.7758,False,False
FLT00200,HF106,R006,2025-01-13,2025-01-13 19:30:00,2025-01-13 19:35:00,2025-01-13 21:05:00,2025-01-13 21:05:00,A319,122,On Time,5.0,830,Regional,17558.46,10940.25,4594.9,95,0.7787,False,False
FLT00201,HF106,R006,2025-01-13,2025-01-13 22:00:00,2025-01-13 22:00:00,2025-01-13 23:35:00,2025-01-13 23:30:00,A319,122,On Time,0.0,830,Regional,21108.28,11893.11,4995.11,95,0.7787,False,False
FLT00202,HF107,R007,2025-01-13,2025-01-13 22:45:00,2025-01-13 22:45:00,2025-01-14 00:10:00,2025-01-14 00:05:00,A319,122,On Time,0.0,650,Regional,22585.88,13334.61,5600.54,95,0.7787,False,False
FLT00203,HF108,R008,2025-01-13,2025-01-13 22:30:00,2025-01-13 22:25:00,2025-01-14 00:10:00,2025-01-14 00:05:00,A319,122,On Time,0.0,790,Regional,19005.63,10520.26,4418.51,95,0.7787,False,False
FLT00204,HF109,R009,2025-01-13,2025-01-13 16:30:00,2025-01-13 16:30:00,2025-01-13 23:00:00,2025-01-13 22:55:00,A330-900neo,242,On Time,0.0,4880,International,96732.66,61972.36,26028.39,188,0.7769,False,False
FLT00205,HF109,R009,2025-01-13,2025-01-13 10:30:00,2025-01-13 10:30:00,2025-01-13 17:00:00,2025-01-13 16:55:00,A330-900neo,242,On Time,0.0,4880,International,90868.81,61509.83,25834.13,188,0.7769,False,False
FLT00206,HF110,R010,2025-01-13,2025-01-13 19:30:00,2025-01-13 20:15:00,2025-01-13 20:40:00,2025-01-13 21:20:00,A320neo,165,Delayed,45.0,420,Regional,22831.68,14125.01,5932.5,128,0.7758,True,False
FLT00207,HF111,R011,2025-01-13,2025-01-13 22:45:00,2025-01-13 22:45:00,2025-01-14 00:55:00,2025-01-14 00:50:00,A320,150,On Time,0.0,920,Regional,19953.86,12652.27,5313.95,117,0.78,False,False
FLT00208,HF112,R012,2025-01-13,2025-01-13 08:00:00,2025-01-13 08:05:00,2025-01-13 09:35:00,2025-01-13 09:35:00,A320neo,165,On Time,5.0,830,Regional,27419.22,20340.73,8543.11,128,0.7758,False,False
FLT00209,HF101,R001,2025-01-14,2025-01-14 06:00:00,2025-01-14 07:00:00,2025-01-14 06:50:00,2025-01-14 07:45:00,A319,122,Delayed,60.0,350,Domestic,7256.67,5082.52,2134.66,95,0.7787,True,False
FLT00210,HF102,R002,2025-01-14,2025-01-14 22:00:00,2025-01-14 21:55:00,2025-01-14 23:05:00,2025-01-14 23:00:00,A320neo,165,On Time,0.0,470,Domestic,11549.17,7601.33,3192.56,128,0.7758,False,False
FLT00211,HF103,R003,2025-01-14,2025-01-14 22:30:00,2025-01-14 22:35:00,2025-01-14 23:40:00,2025-01-14 23:40:00,A320neo,165,On Time,5.0,520,Domestic,12415.16,7534.86,3164.64,128,0.7758,False,False
FLT00212,HF104,R004,2025-01-14,2025-01-14 13:15:00,2025-01-14 13:15:00,2025-01-14 14:25:00,2025-01-14 14:20:00,A319,122,On Time,0.0,420,Regional,19616.49,14308.26,6009.47,95,0.7787,False,False
FLT00213,HF104,R004,2025-01-14,2025-01-14 13:00:00,2025-01-14 13:00:00,2025-01-14 14:10:00,2025-01-14 14:05:00,A319,122,On Time,0.0,420,Regional,16718.29,9981.14,4192.08,95,0.7787,False,False
FLT00214,HF105,R005,2025-01-14,2025-01-14 13:45:00,2025-01-14 13:50:00,2025-01-14 15:55:00,2025-01-14 15:55:00,A320neo,165,On Time,5.0,920,Regional,28714.24,17661.23,7417.72,128,0.7758,False,False
FLT00215,HF105,R005,2025-01-14,2025-01-14 22:00:00,2025-01-14 21:55:00,2025-01-15 00:10:00,2025-01-15 00:05:00,A320neo,165,On Time,0.0,920,Regional,27805.77,20348.62,8546.42,128,0.7758,False,False
FLT00216,HF106,R006,2025-01-14,2025-01-14 22:45:00,2025-01-14 22:45:00,2025-01-15 00:20:00,2025-01-15 00:15:00,A320neo,165,On Time,0.0,830,Regional,28047.2,18396.39,7726.48,128,0.7758,False,False
FLT00217,HF106,R006,2025-01-14,2025-01-14 19:45:00,2025-01-14 19:45:00,2025-01-14 21:20:00,2025-01-14 21:15:00,A320,150,On Time,0.0,830,Regional,19946.7,13932.04,5851.46,117,0.78,False,False
FLT00218,HF107,R007,2025-01-14,2025-01-14 06:45:00,2025-01-14 06:45:00,2025-01-14 08:10:00,2025-01-14 08:05:00,A319,122,On Time,0.0,650,Regional,16140.53,10784.28,4529.4,95,0.7787,False,False
FLT00219,HF108,R008,2025-01-14,2025-01-14 22:15:00,2025-01-14 22:15:00,2025-01-14 23:55:00,2025-01-14 23:50:00,A320neo,165,On Time,0.0,790,Regional,29978.24,20405.82,8570.44,128,0.7758,False,False
FLT00220,HF109,R009,2025-01-14,2025-01-14 19:00:00,2025-01-14 19:00:00,2025-01-15 01:30:00,2025-01-15 01:25:00,A330-900neo,242,On Time,0.0,4880,International,108178.73,65975.68,27709.79,188,0.7769,False,False
FLT00221,HF109,R009,2025-01-14,2025-01-14 22:00:00,2025-01-14 21:55:00,2025-01-15 04:30:00,2025-01-15 04:25:00,A330-900neo,242,On Time,0.0,4880,International,103818.8,62112.13,26087.09,188,0.7769,False,False
FLT00222,HF110,R010,2025-01-14,2025-01-14 13:15:00,2025-01-14 13:15:00,2025-01-14 14:25:00,2025-01-14 14:20:00,A319,122,Delayed,0.0,420,Regional,18913.24,11622.16,4881.31,95,0.7787,True,False
FLT00223,HF111,R011,2025-01-14,2025-01-14 16:45:00,2025-01-14 16:50:00,2025-01-14 18:55:00,2025-01-14 18:55:00,A319,122,On Time,5.0,920,Regional,20237.77,11759.93,4939.17,95,0.7787,False,False
FLT00224,HF112,R012,2025-01-14,2025-01-14 06:45:00,2025-01-14 06:45:00,2025-01-14 08:20:00,2025-01-14 08:15:00,A319,122,Delayed,0.0,830,Regional,22462.74,16282.41,6838.61,95,0.7787,True,False
FLT00225,HF101,R001,2025-01-15,2025-01-15 08:15:00,2025-01-15 08:45:00,2025-01-15 09:05:00,2025-01-15 09:30:00,A319,122,Delayed,30.0,350,Domestic,7819.65,4743.79,1992.39,95,0.7787,True,False
FLT00226,HF102,R002,2025-01-15,2025-01-15 06:45:00,2025-01-15 06:45:00,2025-01-15 07:50:00,2025-01-15 07:45:00,A319,122,Delayed,0.0,470,Domestic,10002.84,6624.86,2782.44,95,0.7787,True,False
FLT00227,HF103,R003,2025-01-15,2025-01-15 22:00:00,2025-01-15 21:55:00,2025-01-15 23:10:00,2025-01-15 23:05:00,A319,122,On Time,0.0,520,Domestic,6925.02,4905.65,2060.37,95,0.7787,False,False
FLT00228,HF104,R004,2025-01-15,2025-01-15 19:00:00,2025-01-15 19:00:00,2025-01-15 20:10:00,2025-01-15 20:05:00,A320neo,165,On Time,0.0,420,Regional,26165.23,18492.66,7766.92,128,0.7758,False,False
FLT00229,HF104,R004,2025-01-15,2025-01-15 13:45:00,2025-01-15 13:45:00,2025-01-15 14:55:00,2025-01-15 14:50:00,A320neo,165,On Time,0.0,420,Regional,26971.91,17199.37,7223.74,128,0.7758,False,False
FLT00230,HF105,R005,2025-01-15,2025-01-15 06:15:00,2025-01-15 06:25:00,2025-01-15 08:25:00,2025-01-15 08:30:00,A320,150,Delayed,10.0,920,Regional,19711.2,12718.68,5341.85,117,0.78,True,False
FLT00231,HF105,R005,2025-01-15,2025-01-15 06:15:00,2025-01-15 06:10:00,2025-01-15 08:25:00,2025-01-15 08:20:00,A319,122,On Time,0.0,920,Regional,16266.58,12182.7,5116.73,95,0.7787,False,False
FLT00232,HF106,R006,2025-01-15,2025-01-15 16:30:00,2025-01-15 16:30:00,2025-01-15 18:05:00,2025-01-15 18:00:00,A319,122,On Time,0.0,830,Regional,18385.27,12592.43,5288.82,95,0.7787,False,False
FLT00233,HF106,R006,2025-01-15,2025-01-15 22:00:00,2025-01-15 22:00:00,2025-01-15 23:35:00,2025-01-15 23:30:00,A320,150,On Time,0.0,830,Regional,27763.93,19793.67,8313.34,117,0.78,False,False
FLT00234,HF107,R007,2025-01-15,2025-01-15 10:30:00,2025-01-15 10:30:00,2025-01-15 11:55:00,2025-01-15 11:50:00,A320neo,165,On Time,0.0,650,Regional,26583.48,19419.52,8156.2,128,0.7758,False,False
FLT00235,HF108,R008,2025-01-15,2025-01-15 22:15:00,2025-01-15 22:10:00,2025-01-15 23:55:00,2025-01-15 23:50:00,A319,122,On Time,0.0,790,Regional,22290.98,15771.27,6623.93,95,0.7787,False,False
FLT00236,HF109,R009,2025-01-15,2025-01-15 06:15:00,2025-01-15 06:20:00,2025-01-15 12:45:00,2025-01-15 12:45:00,A330-900neo,242,On Time,5.0,4880,International,126532.76,74279.27,31197.29,188,0.7769,False,False
FLT00237,HF109,R009,2025-01-15,2025-01-15 13:15:00,2025-01-15 13:15:00,2025-01-15 19:45:00,2025-01-15 19:40:00,A330-900neo,242,Delayed,0.0,4880,International,111328.26,73747.64,30974.01,188,0.7769,True,False
FLT00238,HF110,R010,2025-01-15,2025-01-15 06:00:00,2025-01-15 06:05:00,2025-01-15 07:10:00,2025-01-15 07:10:00,A319,122,Delayed,5.0,420,Regional,21164.2,12071.61,5070.08,95,0.7787,True,False
FLT00239,HF111,R011,2025-01-15,2025-01-15 22:45:00,2025-01-15 22:50:00,2025-01-16 00:55:00,2025-01-16 00:55:00,A319,122,Delayed,5.0,920,Regional,15335.56,10437.14,4383.6,95,0.7787,True,False
FLT00240,HF112,R012,2025-01-15,2025-01-15 16:30:00,2025-01-15 16:30:00,2025-01-15 18:05:00,2025-01-15 18:00:00,A320neo,165,On Time,0.0,830,Regional,21597.63,16005.35,6722.25,128,0.7758,False,False
FLT00241,HF101,R001,2025-01-16,2025-01-16 10:30:00,2025-01-16 11:00:00,2025-01-16 11:20:00,2025-01-16 11:45:00,A319,122,Delayed,30.0,350,Domestic,9676.65,6314.46,2652.07,95,0.7787,True,False
FLT00242,HF102,R002,2025-01-16,2025-01-16 13:00:00,2025-01-16 13:05:00,2025-01-16 14:05:00,2025-01-16 14:05:00,A319,122,On Time,5.0,470,Domestic,9565.11,6089.1,2557.42,95,0.7787,False,False
FLT00243,HF103,R003,2025-01-16,2025-01-16 22:30:00,2025-01-16 22:25:00,2025-01-16 23:40:00,2025-01-16 23:35:00,A319,122,On Time,0.0,520,Domestic,7635.63,4254.33,1786.82,95,0.7787,False,False
FLT00244,HF104,R004,2025-01-16,2025-01-16 13:00:00,2025-01-16 13:00:00,2025-01-16 14:10:00,2025-01-16 14:05:00,A320neo,165,On Time,0.0,420,Regional,25915.08,19227.82,8075.68,128,0.7758,False,False
FLT00245,HF104,R004,2025-01-16,2025-01-16 22:30:00,2025-01-16 22:30:00,2025-01-16 23:40:00,2025-01-16 23:35:00,A319,122,On Time,0.0,420,Regional,19805.72,11301.15,4746.48,95,0.7787,False,False
FLT00246,HF105,R005,2025-01-16,2025-01-16 22:00:00,2025-01-16 21:55:00,2025-01-17 00:10:00,2025-01-17 00:05:00,A319,122,On Time,0.0,920,Regional,21794.82,12166.21,5109.81,95,0.7787,False,False
FLT00247,HF105,R005,2025-01-16,2025-01-16 22:30:00,2025-01-16 22:30:00,2025-01-17 00:40:00,2025-01-17 00:35:00,A320,150,On Time,0.0,920,Regional,24365.08,14599.88,6131.95,117,0.78,False,False
FLT00248,HF106,R006,2025-01-16,2025-01-16 06:00:00,,2025-01-16 07:35:00,,A319,122,Cancelled,,830,Regional,18335.54,10324.85,4336.44,95,0.7787,False,True
FLT00249,HF106,R006,2025-01-16,2025-01-16 08:00:00,2025-01-16 08:00:00,2025-01-16 09:35:00,2025-01-16 09:30:00,A320neo,165,On Time,0.0,830,Regional,24311.64,15584.33,6545.42,128,0.7758,False,False
FLT00250,HF107,R007,2025-01-16,2025-01-16 13:00:00,2025-01-16 13:00:00,2025-01-16 14:25:00,2025-01-16 14:20:00,A319,122,On Time,0.0,650,Regional,18436.7,12043.18,5058.14,95,0.7787,False,False
FLT00251,HF108,R008,2025-01-16,2025-01-16 22:00:00,2025-01-16 22:00:00,2025-01-16 23:40:00,2025-01-16 23:35:00,A320,150,Delayed,0.0,790,Regional,24822.07,15203.87,6385.63,117,0.78,True,False
FLT00252,HF109,R009,2025-01-16,2025-01-16 08:45:00,2025-01-16 08:45:00,2025-01-16 15:15:00,2025-01-16 15:10:00,A330-900neo,242,On Time,0.0,4880,International,129381.18,72478.31,30440.89,188,0.7769,False,False
FLT00253,HF109,R009,2025-01-16,2025-01-16 19:30:00,2025-01-16 19:40:00,2025-01-17 02:00:00,2025-01-17 02:05:00,A330-900neo,242,Delayed,10.0,4880,International,110719.83,63367.18,26614.22,188,0.7769,True,False
FLT00254,HF110,R010,2025-01-16,2025-01-16 10:30:00,,2025-01-16 11:40:00,,A319,122,Cancelled,,420,Regional,17083.58,10709.71,4498.08,95,0.7787,False,True
FLT00255,HF111,R011,2025-01-16,2025-01-16 19:15:00,2025-01-16 19:15:00,2025-01-16 21:25:00,2025-01-16 21:20:00,A320neo,165,On Time,0.0,920,Regional,22903.42,12874.14,5407.14,128,0.7758,False,False
FLT00256,HF112,R012,2025-01-16,2025-01-16 19:00:00,2025-01-16 19:05:00,2025-01-16 20:35:00,2025-01-16 20:35:00,A320neo,165,On Time,5.0,830,Regional,28119.19,19392.06,8144.67,128,0.7758,False,False
FLT00257,HF101,R001,2025-01-17,2025-01-17 10:00:00,2025-01-17 09:55:00,2025-01-17 10:50:00,2025-01-17 10:45:00,A319,122,On Time,0.0,350,Domestic,9632.67,5696.8,2392.66,95,0.7787,False,False
FLT00258,HF102,R002,2025-01-17,2025-01-17 06:30:00,2025-01-17 06:25:00,2025-01-17 07:35:00,2025-01-17 07:30:00,A320neo,165,On Time,0.0,470,Domestic,9701.12,5921.7,2487.11,128,0.7758,False,False
FLT00259,HF103,R003,2025-01-17,2025-01-17 19:45:00,2025-01-17 19:45:00,2025-01-17 20:55:00,2025-01-17 20:50:00,A320neo,165,On Time,0.0,520,Domestic,9522.7,5988.11,2515.01,128,0.7758,False,False
FLT00260,HF104,R004,2025-01-17,2025-01-17 22:45:00,2025-01-17 22:45:00,2025-01-17 23:55:00,2025-01-17 23:50:00,A319,122,On Time,0.0,420,Regional,19717.7,12487.65,5244.81,95,0.7787,False,False
FLT00261,HF104,R004,2025-01-17,2025-01-17 10:45:00,2025-01-17 10:45:00,2025-01-17 11:55:00,2025-01-17 11:50:00,A320neo,165,On Time,0.0,420,Regional,21976.81,12094.54,5079.71,128,0.7758,False,False
FLT00262,HF105,R005,2025-01-17,2025-01-17 13:00:00,2025-01-17 13:30:00,2025-01-17 15:10:00,2025-01-17 15:35:00,A320,150,Delayed,30.0,920,Regional,26438.86,15133.98,6356.27,117,0.78,True,False
FLT00263,HF105,R005,2025-01-17,2025-01-17 10:15:00,2025-01-17 10:10:00,2025-01-17 12:25:00,2025-01-17 12:20:00,A319,122,On Time,0.0,920,Regional,17558.54,12686.97,5328.53,95,0.7787,False,False
FLT00264,HF106,R006,2025-01-17,2025-01-17 22:15:00,2025-01-17 22:45:00,2025-01-17 23:50:00,2025-01-18 00:15:00,A320neo,165,Delayed,30.0,830,Regional,21953.25,12079.7,5073.47,128,0.7758,True,False
FLT00265,HF106,R006,2025-01-17,2025-01-17 10:00:00,2025-01-17 10:00:00,2025-01-17 11:35:00,2025-01-17 11:30:00,A319,122,Delayed,0.0,830,Regional,22199.38,14465.86,6075.66,95,0.7787,True,False
FLT00266,HF107,R007,2025-01-17,2025-01-17 08:30:00,2025-01-17 08:25:00,2025-01-17 09:55:00,2025-01-17 09:50:00,A319,122,On Time,0.0,650,Regional,16458.04,10663.17,4478.53,95,0.7787,False,False
FLT00267,HF108,R008,2025-01-17,2025-01-17 08:45:00,2025-01-17 08:50:00,2025-01-17 10:25:00,2025-01-17 10:25:00,A319,122,On Time,5.0,790,Regional,17363.87,10706.89,4496.89,95,0.7787,False,False
FLT00268,HF109,R009,2025-01-17,2025-01-17 10:00:00,2025-01-17 10:00:00,2025-01-17 16:30:00,2025-01-17 16:25:00,A330-900neo,242,On Time,0.0,4880,International,97171.04,61826.57,25967.16,188,0.7769,False,False
FLT00269,HF109,R009,2025-01-17,2025-01-17 06:00:00,2025-01-17 06:00:00,2025-01-17 12:30:00,2025-01-17 12:25:00,A330-900neo,242,On Time,0.0,4880,International,95450.91,67399.44,28307.76,188,0.7769,False,False
FLT00270,HF110,R010,2025-01-17,2025-01-17 22:15:00,2025-01-17 22:45:00,2025-01-17 23:25:00,2025-01-17 23:50:00,A320,150,Delayed,30.0,420,Regional,18917.95,13587.64,5706.81,117,0.78,True,False
FLT00271,HF111,R011,2025-01-17,2025-01-17 16:15:00,2025-01-17 16:15:00,2025-01-17 18:25:00,2025-01-17 18:20:00,A320neo,165,On Time,0.0,920,Regional,21047.25,12671.91,5322.2,128,0.7758,False,False
FLT00272,HF112,R012,2025-01-17,2025-01-17 10:30:00,2025-01-17 10:25:00,2025-01-17 12:05:00,2025-01-17 12:00:00,A320neo,165,On Time,0.0,830,Regional,22268.33,13683.85,5747.22,128,0.7758,False,False
FLT00273,HF101,R001,2025-01-18,2025-01-18 22:15:00,2025-01-18 22:30:00,2025-01-18 23:05:00,2025-01-18 23:15:00,A319,122,Delayed,15.0,350,Domestic,7022.57,4202.98,1765.25,95,0.7787,True,False
FLT00274,HF102,R002,2025-01-18,2025-01-18 22:45:00,2025-01-18 22:55:00,2025-01-18 23:50:00,2025-01-18 23:55:00,A319,122,Delayed,10.0,470,Domestic,8861.71,5724.42,2404.26,95,0.7787,True,False
FLT00275,HF103,R003,2025-01-18,2025-01-18 19:15:00,2025-01-18 19:45:00,2025-01-18 20:25:00,2025-01-18 20:50:00,A320,150,Delayed,30.0,520,Domestic,11291.17,7753.1,3256.3,117,0.78,True,False
FLT00276,HF104,R004,2025-01-18,2025-01-18 08:45:00,2025-01-18 08:40:00,2025-01-18 09:55:00,2025-01-18 09:50:00,A319,122,On Time,0.0,420,Regional,18191.59,10835.83,4551.05,95,0.7787,False,False
FLT00277,HF104,R004,2025-01-18,2025-01-18 06:45:00,2025-01-18 07:00:00,2025-01-18 07:55:00,2025-01-18 08:05:00,A319,122,Delayed,15.0,420,Regional,17616.73,10854.5,4558.89,95,0.7787,True,False
FLT00278,HF105,R005,2025-01-18,2025-01-18 06:45:00,2025-01-18 06:40:00,2025-01-18 08:55:00,2025-01-18 08:50:00,A319,122,On Time,0.0,920,Regional,19034.4,14010.78,5884.53,95,0.7787,False,False
FLT00279,HF105,R005,2025-01-18,2025-01-18 13:45:00,2025-01-18 13:50:00,2025-01-18 15:55:00,2025-01-18 15:55:00,A319,122,On Time,5.0,920,Regional,21850.04,12229.77,5136.5,95,0.7787,False,False
FLT00280,HF106,R006,2025-01-18,2025-01-18 13:15:00,2025-01-18 14:15:00,2025-01-18 14:50:00,2025-01-18 15:45:00,A320,150,Delayed,60.0,830,Regional,26686.59,17136.9,7197.5,117,0.78,True,False
FLT00281,HF106,R006,2025-01-18,2025-01-18 06:00:00,2025-01-18 06:00:00,2025-01-18 07:35:00,2025-01-18 07:30:00,A320,150,On Time,0.0,830,Regional,19126.93,13241.8,5561.56,117,0.78,False,False
FLT00282,HF107,R007,2025-01-18,2025-01-18 13:45:00,2025-01-18 13:40:00,2025-01-18 15:10:00,2025-01-18 15:05:00,A320,150,On Time,0.0,650,Regional,20418.83,11844.78,4974.81,117,0.78,False,False
FLT00283,HF108,R008,2025-01-18,2025-01-18 06:15:00,2025-01-18 06:20:00,2025-01-18 07:55:00,2025-01-18 07:55:00,A319,122,On Time,5.0,790,Regional,16999.26,9510.66,3994.48,95,0.7787,False,False
FLT00284,HF109,R009,2025-01-18,2025-01-18 06:00:00,2025-01-18 06:00:00,2025-01-18 12:30:00,2025-01-18 12:25:00,A330-900neo,242,Delayed,0.0,4880,International,101492.37,58626.16,24622.99,188,0.7769,True,False
FLT00285,HF109,R009,2025-01-18,2025-01-18 08:15:00,2025-01-18 08:15:00,2025-01-18 14:45:00,2025-01-18 14:40:00,A330-900neo,242,On Time,0.0,4880,International,116014.02,85126.99,35753.34,188,0.7769,False,False
FLT00286,HF110,R010,2025-01-18,2025-01-18 08:00:00,2025-01-18 08:05:00,2025-01-18 09:10:00,2025-01-18 09:10:00,A320,150,On Time,5.0,420,Regional,22616.22,12480.81,5241.94,117,0.78,False,False
FLT00287,HF111,R011,2025-01-18,2025-01-18 13:15:00,2025-01-18 13:15:00,2025-01-18 15:25:00,2025-01-18 15:20:00,A320,150,On Time,0.0,920,Regional,19181.02,11272.0,4734.24,117,0.78,False,False
FLT00288,HF112,R012,2025-01-18,2025-01-18 06:15:00,2025-01-18 06:10:00,2025-01-18 07:50:00,2025-01-18 07:45:00,A320,150,On Time,0.0,830,Regional,22217.03,12358.37,5190.52,117,0.78,False,False
FLT00289,HF101,R001,2025-01-19,2025-01-19 06:45:00,2025-01-19 06:40:00,2025-01-19 07:35:00,2025-01-19 07:30:00,A319,122,On Time,0.0,350,Domestic,8631.24,4938.16,2074.03,95,0.7787,False,False
FLT00290,HF102,R002,2025-01-19,2025-01-19 19:00:00,2025-01-19 18:55:00,2025-01-19 20:05:00,2025-01-19 20:00:00,A320neo,165,On Time,0.0,470,Domestic,9684.5,6527.64,2741.61,128,0.7758,False,False
FLT00291,HF103,R003,2025-01-19,2025-01-19 16:15:00,2025-01-19 16:20:00,2025-01-19 17:25:00,2025-01-19 17:25:00,A320neo,165,Delayed,5.0,520,Domestic,13056.58,7812.11,3281.09,128,0.7758,True,False
FLT00292,HF104,R004,2025-01-19,2025-01-19 19:30:00,2025-01-19 19:25:00,2025-01-19 20:40:00,2025-01-19 20:35:00,A320,150,On Time,0.0,420,Regional,19206.36,12750.0,5355.0,117,0.78,False,False
FLT00293,HF104,R004,2025-01-19,2025-01-19 22:30:00,2025-01-19 22:30:00,2025-01-19 23:40:00,2025-01-19 23:35:00,A320neo,165,On Time,0.0,420,Regional,29950.38,20008.02,8403.37,128,0.7758,False,False
FLT00294,HF105,R005,2025-01-19,2025-01-19 19:15:00,2025-01-19 19:10:00,2025-01-19 21:25:00,2025-01-19 21:20:00,A320,150,On Time,0.0,920,Regional,19647.7,14144.13,5940.53,117,0.78,False,False
FLT00295,HF105,R005,2025-01-19,2025-01-19 13:15:00,2025-01-19 14:15:00,2025-01-19 15:25:00,2025-01-19 16:20:00,A320,150,Delayed,60.0,920,Regional,26615.86,14663.96,6158.86,117,0.78,True,False
FLT00296,HF106,R006,2025-01-19,2025-01-19 08:15:00,2025-01-19 08:15:00,2025-01-19 09:50:00,2025-01-19 09:45:00,A320,150,On Time,0.0,830,Regional,27168.83,19579.87,8223.55,117,0.78,False,False
FLT00297,HF106,R006,2025-01-19,2025-01-19 06:45:00,2025-01-19 06:40:00,2025-01-19 08:20:00,2025-01-19 08:15:00,A319,122,On Time,0.0,830,Regional,22644.74,15258.57,6408.6,95,0.7787,False,False
FLT00298,HF107,R007,2025-01-19,2025-01-19 10:45:00,2025-01-19 10:45:00,2025-01-19 12:10:00,2025-01-19 12:05:00,A320,150,On Time,0.0,650,Regional,26226.96,15278.48,6416.96,117,0.78,False,False
FLT00299,HF108,R008,2025-01-19,2025-01-19 16:45:00,2025-01-19 16:45:00,2025-01-19 18:25:00,2025-01-19 18:20:00,A319,122,On Time,0.0,790,Regional,21124.03,14883.73,6251.17,95,0.7787,False,False
FLT00300,HF109,R009,2025-01-19,2025-01-19 08:45:00,2025-01-19 08:50:00,2025-01-19 15:15:00,2025-01-19 15:15:00,A330-900neo,242,On Time,5.0,4880,International,119228.85,85975.72,36109.8,188,0.7769,False,False
FLT00301,HF109,R009,2025-01-19,2025-01-19 10:15:00,,2025-01-19 16:45:00,,A330-900neo,242,Cancelled,,4880,International,125388.32,75339.91,31642.76,188,0.7769,False,True
FLT00302,HF110,R010,2025-01-19,2025-01-19 22:30:00,2025-01-19 22:30:00,2025-01-19 23:40:00,2025-01-19 23:35:00,A319,122,On Time,0.0,420,Regional,16222.6,11903.47,4999.46,95,0.7787,False,False
FLT00303,HF111,R011,2025-01-19,2025-01-19 13:00:00,2025-01-19 13:00:00,2025-01-19 15:10:00,2025-01-19 15:05:00,A319,122,On Time,0.0,920,Regional,19274.12,12352.62,5188.1,95,0.7787,False,False
FLT00304,HF112,R012,2025-01-19,2025-01-19 22:00:00,2025-01-19 22:05:00,2025-01-19 23:35:00,2025-01-19 23:35:00,A320,150,On Time,5.0,830,Regional,23533.13,15783.31,6628.99,117,0.78,False,False
FLT00305,HF101,R001,2025-01-20,2025-01-20 13:45:00,2025-01-20 13:40:00,2025-01-20 14:35:00,2025-01-20 14:30:00,A319,122,On Time,0.0,350,Domestic,9772.9,7299.67,3065.86,95,0.7787,False,False
FLT00306,HF102,R002,2025-01-20,2025-01-20 10:45:00,2025-01-20 10:45:00,2025-01-20 11:50:00,2025-01-20 11:45:00,A319,122,On Time,0.0,470,Domestic,8422.77,5241.55,2201.45,95,0.7787,False,False
FLT00307,HF103,R003,2025-01-20,2025-01-20 16:30:00,2025-01-20 16:35:00,2025-01-20 17:40:00,2025-01-20 17:40:00,A319,122,Delayed,5.0,520,Domestic,8157.01,5812.95,2441.44,95,0.7787,True,False
FLT00308,HF104,R004,2025-01-20,2025-01-20 08:45:00,2025-01-20 08:50:00,2025-01-20 09:55:00,2025-01-20 09:55:00,A320neo,165,On Time,5.0,420,Regional,27029.13,16587.23,6966.64,128,0.7758,False,False
FLT00309,HF104,R004,2025-01-20,2025-01-20 22:45:00,2025-01-20 22:45:00,2025-01-20 23:55:00,2025-01-20 23:50:00,A320neo,165,On Time,0.0,420,Regional,23208.58,16474.44,6919.26,128,0.7758,False,False
FLT00310,HF105,R005,2025-01-20,2025-01-20 22:15:00,,2025-01-21 00:25:00,,A320,150,Cancelled,,920,Regional,20028.23,13421.85,5637.18,117,0.78,False,True
FLT00311,HF105,R005,2025-01-20,2025-01-20 19:45:00,2025-01-20 19:40:00,2025-01-20 21:55:00,2025-01-20 21:50:00,A320,150,On Time,0.0,920,Regional,23192.93,13759.7,5779.07,117,0.78,False,False
FLT00312,HF106,R006,2025-01-20,2025-01-20 06:30:00,2025-01-20 06:30:00,2025-01-20 08:05:00,2025-01-20 08:00:00,A319,122,On Time,0.0,830,Regional,18368.36,11623.59,4881.91,95,0.7787,False,False
FLT00313,HF106,R006,2025-01-20,2025-01-20 13:00:00,2025-01-20 12:55:00,2025-01-20 14:35:00,2025-01-20 14:30:00,A320,150,On Time,0.0,830,Regional,20896.85,12820.78,5384.73,117,0.78,False,False
FLT00314,HF107,R007,2025-01-20,2025-01-20 13:15:00,2025-01-20 13:15:00,2025-01-20 14:40:00,2025-01-20 14:35:00,A320neo,165,On Time,0.0,650,Regional,24243.32,13712.55,5759.27,128,0.7758,False,False
FLT00315,HF108,R008,2025-01-20,2025-01-20 16:15:00,2025-01-20 16:15:00,2025-01-20 17:55:00,2025-01-20 17:50:00,A320neo,165,On Time,0.0,790,Regional,24231.86,13472.11,5658.29,128,0.7758,False,False
FLT00316,HF109,R009,2025-01-20,2025-01-20 16:45:00,2025-01-20 16:45:00,2025-01-20 23:15:00,2025-01-20 23:10:00,A330-900neo,242,On Time,0.0,4880,International,105016.6,65036.33,27315.26,188,0.7769,False,False
FLT00317,HF109,R009,2025-01-20,2025-01-20 19:15:00,2025-01-20 19:15:00,2025-01-21 01:45:00,2025-01-21 01:40:00,A330-900neo,242,On Time,0.0,4880,International,107361.42,59457.49,24972.15,188,0.7769,False,False
FLT00318,HF110,R010,2025-01-20,2025-01-20 19:00:00,2025-01-20 20:00:00,2025-01-20 20:10:00,2025-01-20 21:05:00,A319,122,Delayed,60.0,420,Regional,20411.65,11901.98,4998.83,95,0.7787,True,False
FLT00319,HF111,R011,2025-01-20,2025-01-20 08:30:00,2025-01-20 09:30:00,2025-01-20 10:40:00,2025-01-20 11:35:00,A319,122,Delayed,60.0,920,Regional,17456.26,12132.74,5095.75,95,0.7787,True,False
FLT00320,HF112,R012,2025-01-20,2025-01-20 13:30:00,2025-01-20 13:30:00,2025-01-20 15:05:00,2025-01-20 15:00:00,A320neo,165,On Time,0.0,830,Regional,30196.31,20884.32,8771.41,128,0.7758,False,False
FLT00321,HF101,R001,2025-01-21,2025-01-21 13:30:00,2025-01-21 14:15:00,2025-01-21 14:20:00,2025-01-21 15:00:00,A319,122,Delayed,45.0,350,Domestic,9973.91,6958.96,2922.76,95,0.7787,True,False
FLT00322,HF102,R002,2025-01-21,2025-01-21 06:15:00,2025-01-21 06:15:00,2025-01-21 07:20:00,2025-01-21 07:15:00,A320,150,On Time,0.0,470,Domestic,10449.59,6410.1,2692.24,117,0.78,False,False
FLT00323,HF103,R003,2025-01-21,2025-01-21 19:15:00,2025-01-21 19:15:00,2025-01-21 20:25:00,2025-01-21 20:20:00,A320neo,165,On Time,0.0,520,Domestic,10729.09,7810.82,3280.54,128,0.7758,False,False
FLT00324,HF104,R004,2025-01-21,2025-01-21 13:45:00,2025-01-21 13:55:00,2025-01-21 14:55:00,2025-01-21 15:00:00,A319,122,Delayed,10.0,420,Regional,19269.3,12886.65,5412.39,95,0.7787,True,False
FLT00325,HF104,R004,2025-01-21,2025-01-21 19:15:00,2025-01-21 19:15:00,2025-01-21 20:25:00,2025-01-21 20:20:00,A319,122,Delayed,0.0,420,Regional,21649.06,12452.65,5230.11,95,0.7787,True,False
FLT00326,HF105,R005,2025-01-21,2025-01-21 16:15:00,2025-01-21 17:00:00,2025-01-21 18:25:00,2025-01-21 19:05:00,A320neo,165,Delayed,45.0,920,Regional,27162.49,15720.12,6602.45,128,0.7758,True,False
FLT00327,HF105,R005,2025-01-21,2025-01-21 19:00:00,2025-01-21 19:00:00,2025-01-21 21:10:00,2025-01-21 21:05:00,A320,150,On Time,0.0,920,Regional,26249.11,18075.64,7591.77,117,0.78,False,False
FLT00328,HF106,R006,2025-01-21,2025-01-21 16:30:00,2025-01-21 16:30:00,2025-01-21 18:05:00,2025-01-21 18:00:00,A320,150,On Time,0.0,830,Regional,23706.28,13858.43,5820.54,117,0.78,False,False
FLT00329,HF106,R006,2025-01-21,2025-01-21 08:45:00,2025-01-21 08:45:00,2025-01-21 10:20:00,2025-01-21 10:15:00,A320neo,165,On Time,0.0,830,Regional,26961.08,17564.03,7376.89,128,0.7758,False,False
FLT00330,HF107,R007,2025-01-21,2025-01-21 13:30:00,2025-01-21 13:30:00,2025-01-21 14:55:00,2025-01-21 14:50:00,A320neo,165,On Time,0.0,650,Regional,23430.71,17534.49,7364.49,128,0.7758,False,False
FLT00331,HF108,R008,2025-01-21,2025-01-21 22:15:00,2025-01-21 22:15:00,2025-01-21 23:55:00,2025-01-21 23:50:00,A320neo,165,On Time,0.0,790,Regional,28005.31,15425.37,6478.66,128,0.7758,False,False
FLT00332,HF109,R009,2025-01-21,2025-01-21 10:30:00,2025-01-21 10:30:00,2025-01-21 17:00:00,2025-01-21 16:55:00,A330-900neo,242,On Time,0.0,4880,International,99372.5,54984.39,23093.44,188,0.7769,False,False
FLT00333,HF109,R009,2025-01-21,2025-01-21 22:00:00,2025-01-21 21:55:00,2025-01-22 04:30:00,2025-01-22 04:25:00,A330-900neo,242,On Time,0.0,4880,International,121589.29,91023.8,38230.0,188,0.7769,False,False
FLT00334,HF110,R010,2025-01-21,2025-01-21 08:00:00,2025-01-21 08:00:00,2025-01-21 09:10:00,2025-01-21 09:05:00,A320,150,On Time,0.0,420,Regional,26776.33,17857.88,7500.31,117,0.78,False,False
FLT00335,HF111,R011,2025-01-21,2025-01-21 06:00:00,2025-01-21 06:00:00,2025-01-21 08:10:00,2025-01-21 08:05:00,A319,122,Delayed,0.0,920,Regional,16203.98,9323.48,3915.86,95,0.7787,True,False
FLT00336,HF112,R012,2025-01-21,2025-01-21 19:15:00,2025-01-21 19:15:00,2025-01-21 20:50:00,2025-01-21 20:45:00,A319,122,On Time,0.0,830,Regional,19869.29,14493.86,6087.42,95,0.7787,False,False
FLT00337,HF101,R001,2025-01-22,2025-01-22 10:15:00,2025-01-22 10:10:00,2025-01-22 11:05:00,2025-01-22 11:00:00,A319,122,On Time,0.0,350,Domestic,7165.23,5202.5,2185.05,95,0.7787,False,False
FLT00338,HF102,R002,2025-01-22,2025-01-22 06:15:00,2025-01-22 06:10:00,2025-01-22 07:20:00,2025-01-22 07:15:00,A320,150,On Time,0.0,470,Domestic,11480.71,7545.58,3169.14,117,0.78,False,False
FLT00339,HF103,R003,2025-01-22,2025-01-22 16:30:00,2025-01-22 16:35:00,2025-01-22 17:40:00,2025-01-22 17:40:00,A320,150,On Time,5.0,520,Domestic,8779.89,5920.79,2486.73,117,0.78,False,False
FLT00340,HF104,R004,2025-01-22,2025-01-22 22:30:00,2025-01-22 22:30:00,2025-01-22 23:40:00,2025-01-22 23:35:00,A319,122,On Time,0.0,420,Regional,22313.14,13491.36,5666.37,95,0.7787,False,False
FLT00341,HF104,R004,2025-01-22,2025-01-22 08:30:00,2025-01-22 08:25:00,2025-01-22 09:40:00,2025-01-22 09:35:00,A320neo,165,On Time,0.0,420,Regional,21887.06,12259.03,5148.79,128,0.7758,False,False
FLT00342,HF105,R005,2025-01-22,2025-01-22 19:30:00,2025-01-22 19:30:00,2025-01-22 21:40:00,2025-01-22 21:35:00,A320neo,165,On Time,0.0,920,Regional,30298.93,20267.36,8512.29,128,0.7758,False,False
FLT00343,HF105,R005,2025-01-22,2025-01-22 10:45:00,2025-01-22 10:40:00,2025-01-22 12:55:00,2025-01-22 12:50:00,A320neo,165,On Time,0.0,920,Regional,28681.05,17465.36,7335.45,128,0.7758,False,False
FLT00344,HF106,R006,2025-01-22,2025-01-22 22:15:00,2025-01-22 23:00:00,2025-01-22 23:50:00,2025-01-23 00:30:00,A320,150,Delayed,45.0,830,Regional,24276.86,16574.4,6961.25,117,0.78,True,False
FLT00345,HF106,R006,2025-01-22,2025-01-22 10:00:00,2025-01-22 10:05:00,2025-01-22 11:35:00,2025-01-22 11:35:00,A319,122,On Time,5.0,830,Regional,21147.94,15168.34,6370.7,95,0.7787,False,False
FLT00346,HF107,R007,2025-01-22,2025-01-22 06:00:00,2025-01-22 06:05:00,2025-01-22 07:25:00,2025-01-22 07:25:00,A319,122,On Time,5.0,650,Regional,21242.87,11760.73,4939.51,95,0.7787,False,False
FLT00347,HF108,R008,2025-01-22,2025-01-22 22:45:00,2025-01-22 22:45:00,2025-01-23 00:25:00,2025-01-23 00:20:00,A319,122,Delayed,0.0,790,Regional,22389.81,14981.98,6292.43,95,0.7787,True,False
FLT00348,HF109,R009,2025-01-22,2025-01-22 22:45:00,2025-01-22 22:45:00,2025-01-23 05:15:00,2025-01-23 05:10:00,A330-900neo,242,On Time,0.0,4880,International,101672.66,60622.94,25461.63,188,0.7769,False,False
FLT00349,HF109,R009,2025-01-22,2025-01-22 06:15:00,2025-01-22 06:25:00,2025-01-22 12:45:00,2025-01-22 12:50:00,A330-900neo,242,Delayed,10.0,4880,International,116864.22,84700.58,35574.24,188,0.7769,True,False
FLT00350,HF110,R010,2025-01-22,2025-01-22 06:45:00,2025-01-22 06:50:00,2025-01-22 07:55:00,2025-01-22 07:55:00,A320,150,On Time,5.0,420,Regional,19609.66,11780.17,4947.67,117,0.78,False,False
FLT00351,HF111,R011,2025-01-22,2025-01-22 16:30:00,2025-01-22 16:40:00,2025-01-22 18:40:00,2025-01-22 18:45:00,A319,122,Delayed,10.0,920,Regional,19882.86,13364.34,5613.02,95,0.7787,True,False
FLT00352,HF112,R012,2025-01-22,2025-01-22 19:00:00,2025-01-22 19:00:00,2025-01-22 20:35:00,2025-01-22 20:30:00,A320,150,On Time,0.0,830,Regional,20323.29,13427.76,5639.66,117,0.78,False,False
FLT00353,HF101,R001,2025-01-23,2025-01-23 19:45:00,2025-01-23 19:45:00,2025-01-23 20:35:00,2025-01-23 20:30:00,A319,122,On Time,0.0,350,Domestic,8772.13,5519.72,2318.28,95,0.7787,False,False
FLT00354,HF102,R002,2025-01-23,2025-01-23 10:30:00,2025-01-23 10:30:00,2025-01-23 11:35:00,2025-01-23 11:30:00,A319,122,On Time,0.0,470,Domestic,8797.71,6031.04,2533.04,95,0.7787,False,False
FLT00355,HF103,R003,2025-01-23,2025-01-23 13:30:00,2025-01-23 13:45:00,2025-01-23 14:40:00,2025-01-23 14:50:00,A320neo,165,Delayed,15.0,520,Domestic,11363.26,7899.21,3317.67,128,0.7758,True,False
FLT00356,HF104,R004,2025-01-23,2025-01-23 13:30:00,2025-01-23 13:25:00,2025-01-23 14:40:00,2025-01-23 14:35:00,A320,150,On Time,0.0,420,Regional,23611.83,15663.79,6578.79,117,0.78,False,False
FLT00357,HF104,R004,2025-01-23,2025-01-23 22:30:00,2025-01-23 22:30:00,2025-01-23 23:40:00,2025-01-23 23:35:00,A319,122,On Time,0.0,420,Regional,21005.82,14739.46,6190.57,95,0.7787,False,False
FLT00358,HF105,R005,2025-01-23,2025-01-23 16:15:00,2025-01-23 16:15:00,2025-01-23 18:25:00,2025-01-23 18:20:00,A320neo,165,On Time,0.0,920,Regional,28664.27,21403.14,8989.32,128,0.7758,False,False
FLT00359,HF105,R005,2025-01-23,2025-01-23 13:00:00,2025-01-23 13:00:00,2025-01-23 15:10:00,2025-01-23 15:05:00,A319,122,On Time,0.0,920,Regional,18940.36,12005.43,5042.28,95,0.7787,False,False
FLT00360,HF106,R006,2025-01-23,2025-01-23 19:45:00,2025-01-23 19:40:00,2025-01-23 21:20:00,2025-01-23 21:15:00,A319,122,On Time,0.0,830,Regional,19756.91,12899.61,5417.84,95,0.7787,False,False
FLT00361,HF106,R006,2025-01-23,2025-01-23 19:00:00,2025-01-23 19:05:00,2025-01-23 20:35:00,2025-01-23 20:35:00,A320,150,On Time,5.0,830,Regional,27436.37,15158.43,6366.54,117,0.78,False,False
FLT00362,HF107,R007,2025-01-23,2025-01-23 06:30:00,2025-01-23 06:40:00,2025-01-23 07:55:00,2025-01-23 08:00:00,A320neo,165,Delayed,10.0,650,Regional,21706.07,15394.07,6465.51,128,0.7758,True,False
FLT00363,HF108,R008,2025-01-23,2025-01-23 13:30:00,2025-01-23 14:15:00,2025-01-23 15:10:00,2025-01-23 15:50:00,A320neo,165,Delayed,45.0,790,Regional,21679.14,14179.16,5955.25,128,0.7758,True,False
FLT00364,HF109,R009,2025-01-23,2025-01-23 22:30:00,2025-01-23 22:30:00,2025-01-24 05:00:00,2025-01-24 04:55:00,A330-900neo,242,On Time,0.0,4880,International,94197.43,59494.37,24987.64,188,0.7769,False,False
FLT00365,HF109,R009,2025-01-23,2025-01-23 16:00:00,2025-01-23 16:05:00,2025-01-23 22:30:00,2025-01-23 22:30:00,A330-900neo,242,On Time,5.0,4880,International,119922.79,68213.81,28649.8,188,0.7769,False,False
FLT00366,HF110,R010,2025-01-23,2025-01-23 06:30:00,2025-01-23 06:30:00,2025-01-23 07:40:00,2025-01-23 07:35:00,A320neo,165,On Time,0.0,420,Regional,24766.55,18028.35,7571.91,128,0.7758,False,False
FLT00367,HF111,R011,2025-01-23,2025-01-23 06:45:00,2025-01-23 06:45:00,2025-01-23 08:55:00,2025-01-23 08:50:00,A319,122,On Time,0.0,920,Regional,21084.84,13262.39,5570.2,95,0.7787,False,False
FLT00368,HF112,R012,2025-01-23,2025-01-23 19:00:00,2025-01-23 19:30:00,2025-01-23 20:35:00,2025-01-23 21:00:00,A320neo,165,Delayed,30.0,830,Regional,27353.41,18778.56,7887.0,128,0.7758,True,False
FLT00369,HF101,R001,2025-01-24,2025-01-24 13:00:00,2025-01-24 12:55:00,2025-01-24 13:50:00,2025-01-24 13:45:00,A320neo,165,On Time,0.0,350,Domestic,10753.4,6235.63,2618.96,128,0.7758,False,False
FLT00370,HF102,R002,2025-01-24,2025-01-24 19:00:00,2025-01-24 19:00:00,2025-01-24 20:05:00,2025-01-24 20:00:00,A320neo,165,On Time,0.0,470,Domestic,13355.67,9914.05,4163.9,128,0.7758,False,False
FLT00371,HF103,R003,2025-01-24,2025-01-24 16:00:00,2025-01-24 16:05:00,2025-01-24 17:10:00,2025-01-24 17:10:00,A320,150,Delayed,5.0,520,Domestic,11635.79,6814.95,2862.28,117,0.78,True,False
FLT00372,HF104,R004,2025-01-24,2025-01-24 22:45:00,2025-01-24 22:50:00,2025-01-24 23:55:00,2025-01-24 23:55:00,A319,122,On Time,5.0,420,Regional,17256.07,10179.5,4275.39,95,0.7787,False,False
FLT00373,HF104,R004,2025-01-24,2025-01-24 22:45:00,2025-01-24 22:45:00,2025-01-24 23:55:00,2025-01-24 23:50:00,A320,150,Delayed,0.0,420,Regional,22128.84,15972.52,6708.46,117,0.78,True,False
FLT00374,HF105,R005,2025-01-24,2025-01-24 08:45:00,,2025-01-24 10:55:00,,A319,122,Cancelled,,920,Regional,17589.74,12884.78,5411.61,95,0.7787,False,True
FLT00375,HF105,R005,2025-01-24,2025-01-24 06:30:00,2025-01-24 07:15:00,2025-01-24 08:40:00,2025-01-24 09:20:00,A320neo,165,Delayed,45.0,920,Regional,22093.94,13089.1,5497.42,128,0.7758,True,False
FLT00376,HF106,R006,2025-01-24,2025-01-24 13:15:00,,2025-01-24 14:50:00,,A320neo,165,Cancelled,,830,Regional,21993.3,14162.81,5948.38,128,0.7758,False,True
FLT00377,HF106,R006,2025-01-24,2025-01-24 22:30:00,2025-01-24 22:40:00,2025-01-25 00:05:00,2025-01-25 00:10:00,A320,150,Delayed,10.0,830,Regional,27482.15,19146.79,8041.65,117,0.78,True,False
FLT00378,HF107,R007,2025-01-24,2025-01-24 19:15:00,2025-01-24 19:15:00,2025-01-24 20:40:00,2025-01-24 20:35:00,A320,150,Delayed,0.0,650,Regional,22818.78,16558.98,6954.77,117,0.78,True,False
FLT00379,HF108,R008,2025-01-24,2025-01-24 22:30:00,2025-01-24 22:45:00,2025-01-25 00:10:00,2025-01-25 00:20:00,A319,122,Delayed,15.0,790,Regional,18113.23,11335.45,4760.89,95,0.7787,True,False
FLT00380,HF109,R009,2025-01-24,2025-01-24 16:45:00,2025-01-24 16:50:00,2025-01-24 23:15:00,2025-01-24 23:15:00,A330-900neo,242,Delayed,5.0,4880,International,123163.42,80475.46,33799.69,188,0.7769,True,False
FLT00381,HF109,R009,2025-01-24,2025-01-24 22:30:00,2025-01-24 22:30:00,2025-01-25 05:00:00,2025-01-25 04:55:00,A330-900neo,242,On Time,0.0,4880,International,115191.05,80442.9,33786.02,188,0.7769,False,False
FLT00382,HF110,R010,2025-01-24,2025-01-24 19:15:00,2025-01-24 19:10:00,2025-01-24 20:25:00,2025-01-24 20:20:00,A319,122,On Time,0.0,420,Regional,22314.66,15536.07,6525.15,95,0.7787,False,False
FLT00383,HF111,R011,2025-01-24,2025-01-24 22:15:00,2025-01-24 22:15:00,2025-01-25 00:25:00,2025-01-25 00:20:00,A319,122,On Time,0.0,920,Regional,21130.29,14930.49,6270.81,95,0.7787,False,False
FLT00384,HF112,R012,2025-01-24,2025-01-24 16:00:00,2025-01-24 16:10:00,2025-01-24 17:35:00,2025-01-24 17:40:00,A320,150,Delayed,10.0,830,Regional,23206.9,15409.07,6471.81,117,0.78,True,False
FLT00385,HF101,R001,2025-01-25,2025-01-25 22:30:00,2025-01-25 23:00:00,2025-01-25 23:20:00,2025-01-25 23:45:00,A320,150,Delayed,30.0,350,Domestic,10009.23,5714.5,2400.09,117,0.78,True,False
FLT00386,HF102,R002,2025-01-25,2025-01-25 10:30:00,2025-01-25 10:35:00,2025-01-25 11:35:00,2025-01-25 11:35:00,A320,150,On Time,5.0,470,Domestic,12579.69,9193.17,3861.13,117,0.78,False,False
FLT00387,HF103,R003,2025-01-25,2025-01-25 10:00:00,2025-01-25 10:45:00,2025-01-25 11:10:00,2025-01-25 11:50:00,A319,122,Delayed,45.0,520,Domestic,9294.74,6721.16,2822.89,95,0.7787,True,False
FLT00388,HF104,R004,2025-01-25,2025-01-25 22:15:00,2025-01-25 22:15:00,2025-01-25 23:25:00,2025-01-25 23:20:00,A320neo,165,Delayed,0.0,420,Regional,30220.23,21444.86,9006.84,128,0.7758,True,False
FLT00389,HF104,R004,2025-01-25,2025-01-25 19:15:00,2025-01-25 19:30:00,2025-01-25 20:25:00,2025-01-25 20:35:00,A320,150,Delayed,15.0,420,Regional,19828.96,11301.96,4746.82,117,0.78,True,False
FLT00390,HF105,R005,2025-01-25,2025-01-25 16:30:00,2025-01-25 16:30:00,2025-01-25 18:40:00,2025-01-25 18:35:00,A320,150,On Time,0.0,920,Regional,26681.0,15765.26,6621.41,117,0.78,False,False
FLT00391,HF105,R005,2025-01-25,2025-01-25 08:30:00,2025-01-25 08:30:00,2025-01-25 10:40:00,2025-01-25 10:35:00,A319,122,On Time,0.0,920,Regional,20041.76,14003.58,5881.5,95,0.7787,False,False
FLT00392,HF106,R006,2025-01-25,2025-01-25 22:15:00,2025-01-25 22:15:00,2025-01-25 23:50:00,2025-01-25 23:45:00,A319,122,Delayed,0.0,830,Regional,16126.6,8944.26,3756.59,95,0.7787,True,False
FLT00393,HF106,R006,2025-01-25,2025-01-25 22:45:00,2025-01-25 23:45:00,2025-01-26 00:20:00,2025-01-26 01:15:00,A320,150,Delayed,60.0,830,Regional,24226.09,18068.91,7588.94,117,0.78,True,False
FLT00394,HF107,R007,2025-01-25,2025-01-25 22:15:00,2025-01-25 22:25:00,2025-01-25 23:40:00,2025-01-25 23:45:00,A320,150,Delayed,10.0,650,Regional,25141.86,15724.45,6604.27,117,0.78,True,False
FLT00395,HF108,R008,2025-01-25,2025-01-25 06:00:00,2025-01-25 05:55:00,2025-01-25 07:40:00,2025-01-25 07:35:00,A319,122,On Time,0.0,790,Regional,15293.5,10611.59,4456.87,95,0.7787,False,False
FLT00396,HF109,R009,2025-01-25,2025-01-25 08:30:00,2025-01-25 08:25:00,2025-01-25 15:00:00,2025-01-25 14:55:00,A330-900neo,242,On Time,0.0,4880,International,110738.83,80564.07,33836.91,188,0.7769,False,False
FLT00397,HF109,R009,2025-01-25,2025-01-25 13:00:00,2025-01-25 13:05:00,2025-01-25 19:30:00,2025-01-25 19:30:00,A330-900neo,242,On Time,5.0,4880,International,127482.03,80176.76,33674.24,188,0.7769,False,False
FLT00398,HF110,R010,2025-01-25,2025-01-25 19:45:00,2025-01-25 19:50:00,2025-01-25 20:55:00,2025-01-25 20:55:00,A320,150,On Time,5.0,420,Regional,21484.56,13187.79,5538.87,117,0.78,False,False
FLT00399,HF111,R011,2025-01-25,2025-01-25 10:45:00,2025-01-25 10:45:00,2025-01-25 12:55:00,2025-01-25 12:50:00,A320,150,On Time,0.0,920,Regional,23012.01,15458.28,6492.48,117,0.78,False,False
FLT00400,HF112,R012,2025-01-25,2025-01-25 19:30:00,2025-01-25 19:25:00,2025-01-25 21:05:00,2025-01-25 21:00:00,A319,122,On Time,0.0,830,Regional,18561.59,12365.69,5193.59,95,0.7787,False,False
FLT00401,HF101,R001,2025-01-26,2025-01-26 13:45:00,2025-01-26 13:45:00,2025-01-26 14:35:00,2025-01-26 14:30:00,A320neo,165,On Time,0.0,350,Domestic,10607.28,6701.98,2814.83,128,0.7758,False,False
FLT00402,HF102,R002,2025-01-26,2025-01-26 08:15:00,2025-01-26 08:10:00,2025-01-26 09:20:00,2025-01-26 09:15:00,A320,150,On Time,0.0,470,Domestic,12292.48,8240.32,3460.93,117,0.78,False,False
FLT00403,HF103,R003,2025-01-26,2025-01-26 19:00:00,2025-01-26 19:05:00,2025-01-26 20:10:00,2025-01-26 20:10:00,A320neo,165,On Time,5.0,520,Domestic,12816.2,9446.52,3967.54,128,0.7758,False,False
FLT00404,HF104,R004,2025-01-26,2025-01-26 06:15:00,2025-01-26 06:15:00,2025-01-26 07:25:00,2025-01-26 07:20:00,A319,122,On Time,0.0,420,Regional,16040.47,10322.49,4335.45,95,0.7787,False,False
FLT00405,HF104,R004,2025-01-26,2025-01-26 16:30:00,2025-01-26 17:00:00,2025-01-26 17:40:00,2025-01-26 18:05:00,A320neo,165,Delayed,30.0,420,Regional,30689.63,18086.89,7596.49,128,0.7758,True,False
FLT00406,HF105,R005,2025-01-26,2025-01-26 06:15:00,2025-01-26 06:15:00,2025-01-26 08:25:00,2025-01-26 08:20:00,A320neo,165,Delayed,0.0,920,Regional,29483.01,18439.89,7744.75,128,0.7758,True,False
FLT00407,HF105,R005,2025-01-26,2025-01-26 08:30:00,2025-01-26 09:15:00,2025-01-26 10:40:00,2025-01-26 11:20:00,A320neo,165,Delayed,45.0,920,Regional,23387.22,14706.38,6176.68,128,0.7758,True,False
FLT00408,HF106,R006,2025-01-26,2025-01-26 08:45:00,2025-01-26 08:50:00,2025-01-26 10:20:00,2025-01-26 10:20:00,A319,122,On Time,5.0,830,Regional,21560.41,12423.58,5217.9,95,0.7787,False,False
FLT00409,HF106,R006,2025-01-26,2025-01-26 08:30:00,2025-01-26 08:30:00,2025-01-26 10:05:00,2025-01-26 10:00:00,A320,150,On Time,0.0,830,Regional,19716.09,11486.09,4824.16,117,0.78,False,False
FLT00410,HF107,R007,2025-01-26,2025-01-26 13:00:00,2025-01-26 13:05:00,2025-01-26 14:25:00,2025-01-26 14:25:00,A319,122,On Time,5.0,650,Regional,22793.2,15656.93,6575.91,95,0.7787,False,False
FLT00411,HF108,R008,2025-01-26,2025-01-26 22:15:00,2025-01-26 22:10:00,2025-01-26 23:55:00,2025-01-26 23:50:00,A320neo,165,On Time,0.0,790,Regional,27296.61,16866.45,7083.91,128,0.7758,False,False
FLT00412,HF109,R009,2025-01-26,2025-01-26 22:30:00,2025-01-26 22:25:00,2025-01-27 05:00:00,2025-01-27 04:55:00,A330-900neo,242,On Time,0.0,4880,International,119573.64,88601.64,37212.69,188,0.7769,False,False
FLT00413,HF109,R009,2025-01-26,2025-01-26 08:00:00,2025-01-26 08:10:00,2025-01-26 14:30:00,2025-01-26 14:35:00,A330-900neo,242,Delayed,10.0,4880,International,94320.69,56471.62,23718.08,188,0.7769,True,False
FLT00414,HF110,R010,2025-01-26,2025-01-26 16:45:00,2025-01-26 16:55:00,2025-01-26 17:55:00,2025-01-26 18:00:00,A320neo,165,Delayed,10.0,420,Regional,29665.62,16903.02,7099.27,128,0.7758,True,False
FLT00415,HF111,R011,2025-01-26,2025-01-26 08:15:00,2025-01-26 08:20:00,2025-01-26 10:25:00,2025-01-26 10:25:00,A319,122,On Time,5.0,920,Regional,15420.4,10805.09,4538.14,95,0.7787,False,False
FLT00416,HF112,R012,2025-01-26,2025-01-26 08:30:00,2025-01-26 08:35:00,2025-01-26 10:05:00,2025-01-26 10:05:00,A319,122,On Time,5.0,830,Regional,17030.29,12367.52,5194.36,95,0.7787,False,False
FLT00417,HF101,R001,2025-01-27,2025-01-27 08:45:00,2025-01-27 08:45:00,2025-01-27 09:35:00,2025-01-27 09:30:00,A319,122,On Time,0.0,350,Domestic,7329.13,4438.69,1864.25,95,0.7787,False,False
FLT00418,HF102,R002,2025-01-27,2025-01-27 19:15:00,2025-01-27 19:30:00,2025-01-27 20:20:00,2025-01-27 20:30:00,A319,122,Delayed,15.0,470,Domestic,9496.55,5606.93,2354.91,95,0.7787,True,False
FLT00419,HF103,R003,2025-01-27,2025-01-27 08:15:00,2025-01-27 08:15:00,2025-01-27 09:25:00,2025-01-27 09:20:00,A319,122,On Time,0.0,520,Domestic,7517.86,4414.14,1853.94,95,0.7787,False,False
FLT00420,HF104,R004,2025-01-27,2025-01-27 16:00:00,2025-01-27 16:10:00,2025-01-27 17:10:00,2025-01-27 17:15:00,A320neo,165,Delayed,10.0,420,Regional,29804.94,19504.43,8191.86,128,0.7758,True,False
FLT00421,HF104,R004,2025-01-27,2025-01-27 10:45:00,2025-01-27 11:45:00,2025-01-27 11:55:00,2025-01-27 12:50:00,A319,122,Delayed,60.0,420,Regional,20187.64,12994.45,5457.67,95,0.7787,True,False
FLT00422,HF105,R005,2025-01-27,2025-01-27 06:45:00,2025-01-27 07:30:00,2025-01-27 08:55:00,2025-01-27 09:35:00,A319,122,Delayed,45.0,920,Regional,15474.84,9314.12,3911.93,95,0.7787,True,False
FLT00423,HF105,R005,2025-01-27,2025-01-27 08:30:00,2025-01-27 08:30:00,2025-01-27 10:40:00,2025-01-27 10:35:00,A320neo,165,On Time,0.0,920,Regional,20535.6,11480.11,4821.65,128,0.7758,False,False
FLT00424,HF106,R006,2025-01-27,2025-01-27 16:30:00,2025-01-27 16:30:00,2025-01-27 18:05:00,2025-01-27 18:00:00,A320neo,165,On Time,0.0,830,Regional,21008.98,13578.07,5702.79,128,0.7758,False,False
FLT00425,HF106,R006,2025-01-27,2025-01-27 08:15:00,2025-01-27 08:15:00,2025-01-27 09:50:00,2025-01-27 09:45:00,A320,150,On Time,0.0,830,Regional,24391.46,18095.21,7599.99,117,0.78,False,False
FLT00426,HF107,R007,2025-01-27,2025-01-27 16:45:00,2025-01-27 16:45:00,2025-01-27 18:10:00,2025-01-27 18:05:00,A319,122,On Time,0.0,650,Regional,21291.26,14488.78,6085.29,95,0.7787,False,False
FLT00427,HF108,R008,2025-01-27,2025-01-27 13:00:00,2025-01-27 13:00:00,2025-01-27 14:40:00,2025-01-27 14:35:00,A320neo,165,On Time,0.0,790,Regional,22922.78,14879.21,6249.27,128,0.7758,False,False
FLT00428,HF109,R009,2025-01-27,2025-01-27 06:30:00,2025-01-27 06:35:00,2025-01-27 13:00:00,2025-01-27 13:00:00,A330-900neo,242,On Time,5.0,4880,International,128565.33,73557.16,30894.01,188,0.7769,False,False
FLT00429,HF109,R009,2025-01-27,2025-01-27 22:45:00,2025-01-27 23:45:00,2025-01-28 05:15:00,2025-01-28 06:10:00,A330-900neo,242,Delayed,60.0,4880,International,92822.31,55738.61,23410.22,188,0.7769,True,False
FLT00430,HF110,R010,2025-01-27,2025-01-27 13:30:00,2025-01-27 13:35:00,2025-01-27 14:40:00,2025-01-27 14:40:00,A319,122,On Time,5.0,420,Regional,21287.33,12963.02,5444.47,95,0.7787,False,False
FLT00431,HF111,R011,2025-01-27,2025-01-27 16:15:00,2025-01-27 16:10:00,2025-01-27 18:25:00,2025-01-27 18:20:00,A319,122,On Time,0.0,920,Regional,22251.25,15641.75,6569.54,95,0.7787,False,False
FLT00432,HF112,R012,2025-01-27,2025-01-27 10:45:00,,2025-01-27 12:20:00,,A320,150,Cancelled,,830,Regional,25946.93,18820.4,7904.57,117,0.78,False,True
FLT00433,HF101,R001,2025-01-28,2025-01-28 06:30:00,2025-01-28 07:00:00,2025-01-28 07:20:00,2025-01-28 07:45:00,A320,150,Delayed,30.0,350,Domestic,11364.48,8299.8,3485.92,117,0.78,True,False
FLT00434,HF102,R002,2025-01-28,2025-01-28 19:45:00,2025-01-28 19:40:00,2025-01-28 20:50:00,2025-01-28 20:45:00,A320,150,On Time,0.0,470,Domestic,11953.57,8928.29,3749.88,117,0.78,False,False
FLT00435,HF103,R003,2025-01-28,2025-01-28 06:45:00,2025-01-28 06:50:00,2025-01-28 07:55:00,2025-01-28 07:55:00,A320neo,165,On Time,5.0,520,Domestic,9401.02,7017.61,2947.4,128,0.7758,False,False
FLT00436,HF104,R004,2025-01-28,2025-01-28 13:30:00,2025-01-28 13:25:00,2025-01-28 14:40:00,2025-01-28 14:35:00,A320neo,165,On Time,0.0,420,Regional,22546.25,16697.75,7013.05,128,0.7758,False,False
FLT00437,HF104,R004,2025-01-28,2025-01-28 19:15:00,2025-01-28 19:20:00,2025-01-28 20:25:00,2025-01-28 20:25:00,A320neo,165,On Time,5.0,420,Regional,21759.22,12280.13,5157.65,128,0.7758,False,False
FLT00438,HF105,R005,2025-01-28,2025-01-28 22:30:00,2025-01-28 22:30:00,2025-01-29 00:40:00,2025-01-29 00:35:00,A320neo,165,On Time,0.0,920,Regional,25646.4,14812.3,6221.17,128,0.7758,False,False
FLT00439,HF105,R005,2025-01-28,2025-01-28 10:15:00,2025-01-28 10:15:00,2025-01-28 12:25:00,2025-01-28 12:20:00,A320,150,On Time,0.0,920,Regional,25694.96,15696.88,6592.69,117,0.78,False,False
FLT00440,HF106,R006,2025-01-28,2025-01-28 10:00:00,2025-01-28 10:00:00,2025-01-28 11:35:00,2025-01-28 11:30:00,A319,122,On Time,0.0,830,Regional,19988.09,13203.73,5545.57,95,0.7787,False,False
FLT00441,HF106,R006,2025-01-28,2025-01-28 22:45:00,2025-01-28 22:45:00,2025-01-29 00:20:00,2025-01-29 00:15:00,A320,150,On Time,0.0,830,Regional,26686.59,15195.23,6382.0,117,0.78,False,False
FLT00442,HF107,R007,2025-01-28,2025-01-28 16:00:00,2025-01-28 16:00:00,2025-01-28 17:25:00,2025-01-28 17:20:00,A320neo,165,On Time,0.0,650,Regional,22069.38,15871.4,6665.99,128,0.7758,False,False
FLT00443,HF108,R008,2025-01-28,2025-01-28 19:45:00,2025-01-28 19:50:00,2025-01-28 21:25:00,2025-01-28 21:25:00,A320,150,On Time,5.0,790,Regional,25596.05,17235.13,7238.75,117,0.78,False,False
FLT00444,HF109,R009,2025-01-28,2025-01-28 16:30:00,2025-01-28 16:35:00,2025-01-28 23:00:00,2025-01-28 23:00:00,A330-900neo,242,On Time,5.0,4880,International,98950.03,65155.91,27365.48,188,0.7769,False,False
FLT00445,HF109,R009,2025-01-28,2025-01-28 06:30:00,2025-01-28 06:30:00,2025-01-28 13:00:00,2025-01-28 12:55:00,A330-900neo,242,Delayed,0.0,4880,International,102456.63,59738.59,25090.21,188,0.7769,True,False
FLT00446,HF110,R010,2025-01-28,2025-01-28 10:30:00,2025-01-28 10:30:00,2025-01-28 11:40:00,2025-01-28 11:35:00,A320,150,On Time,0.0,420,Regional,25364.71,15235.34,6398.84,117,0.78,False,False
FLT00447,HF111,R011,2025-01-28,2025-01-28 19:45:00,2025-01-28 19:45:00,2025-01-28 21:55:00,2025-01-28 21:50:00,A319,122,On Time,0.0,920,Regional,22649.56,13183.46,5537.05,95,0.7787,False,False
FLT00448,HF112,R012,2025-01-28,2025-01-28 06:15:00,2025-01-28 06:15:00,2025-01-28 07:50:00,2025-01-28 07:45:00,A319,122,On Time,0.0,830,Regional,19847.73,14298.04,6005.18,95,0.7787,False,False
FLT00449,HF101,R001,2025-01-29,2025-01-29 06:45:00,2025-01-29 06:40:00,2025-01-29 07:35:00,2025-01-29 07:30:00,A320neo,165,On Time,0.0,350,Domestic,9467.14,6313.12,2651.51,128,0.7758,False,False
FLT00450,HF102,R002,2025-01-29,2025-01-29 08:00:00,2025-01-29 08:45:00,2025-01-29 09:05:00,2025-01-29 09:45:00,A319,122,Delayed,45.0,470,Domestic,8947.78,6236.83,2619.47,95,0.7787,True,False
FLT00451,HF103,R003,2025-01-29,2025-01-29 22:15:00,2025-01-29 22:20:00,2025-01-29 23:25:00,2025-01-29 23:25:00,A320,150,On Time,5.0,520,Domestic,8602.38,5240.63,2201.06,117,0.78,False,False
FLT00452,HF104,R004,2025-01-29,2025-01-29 13:00:00,2025-01-29 13:00:00,2025-01-29 14:10:00,2025-01-29 14:05:00,A320neo,165,On Time,0.0,420,Regional,29533.65,18436.4,7743.29,128,0.7758,False,False
FLT00453,HF104,R004,2025-01-29,2025-01-29 16:15:00,,2025-01-29 17:25:00,,A319,122,Cancelled,,420,Regional,20592.79,12993.45,5457.25,95,0.7787,False,True
FLT00454,HF105,R005,2025-01-29,2025-01-29 06:00:00,2025-01-29 05:55:00,2025-01-29 08:10:00,2025-01-29 08:05:00,A319,122,On Time,0.0,920,Regional,16515.77,11594.12,4869.53,95,0.7787,False,False
FLT00455,HF105,R005,2025-01-29,2025-01-29 10:15:00,2025-01-29 10:10:00,2025-01-29 12:25:00,2025-01-29 12:20:00,A319,122,On Time,0.0,920,Regional,15897.08,11199.03,4703.59,95,0.7787,False,False
FLT00456,HF106,R006,2025-01-29,2025-01-29 08:15:00,2025-01-29 08:15:00,2025-01-29 09:50:00,2025-01-29 09:45:00,A320neo,165,On Time,0.0,830,Regional,22359.38,13222.5,5553.45,128,0.7758,False,False
FLT00457,HF106,R006,2025-01-29,2025-01-29 10:00:00,,2025-01-29 11:35:00,,A320,150,Cancelled,,830,Regional,27893.05,20593.66,8649.34,117,0.78,False,True
FLT00458,HF107,R007,2025-01-29,2025-01-29 10:45:00,2025-01-29 10:45:00,2025-01-29 12:10:00,2025-01-29 12:05:00,A320,150,On Time,0.0,650,Regional,23012.13,13211.98,5549.03,117,0.78,False,False
FLT00459,HF108,R008,2025-01-29,2025-01-29 13:00:00,,2025-01-29 14:40:00,,A320neo,165,Cancelled,,790,Regional,28508.99,20789.45,8731.57,128,0.7758,False,True
FLT00460,HF109,R009,2025-01-29,2025-01-29 08:15:00,2025-01-29 08:15:00,2025-01-29 14:45:00,2025-01-29 14:40:00,A330-900neo,242,On Time,0.0,4880,International,118954.74,67813.61,28481.72,188,0.7769,False,False
FLT00461,HF109,R009,2025-01-29,2025-01-29 22:30:00,2025-01-29 22:25:00,2025-01-30 05:00:00,2025-01-30 04:55:00,A330-900neo,242,On Time,0.0,4880,International,116067.28,69977.89,29390.71,188,0.7769,False,False
FLT00462,HF110,R010,2025-01-29,2025-01-29 13:00:00,2025-01-29 13:00:00,2025-01-29 14:10:00,2025-01-29 14:05:00,A320neo,165,Delayed,0.0,420,Regional,21966.13,15800.14,6636.06,128,0.7758,True,False
FLT00463,HF111,R011,2025-01-29,2025-01-29 13:45:00,2025-01-29 14:15:00,2025-01-29 15:55:00,2025-01-29 16:20:00,A320neo,165,Delayed,30.0,920,Regional,30167.29,17674.97,7423.49,128,0.7758,True,False
FLT00464,HF112,R012,2025-01-29,2025-01-29 19:45:00,2025-01-29 19:40:00,2025-01-29 21:20:00,2025-01-29 21:15:00,A319,122,On Time,0.0,830,Regional,17490.2,11066.29,4647.84,95,0.7787,False,False
FLT00465,HF101,R001,2025-01-30,2025-01-30 22:15:00,2025-01-30 22:20:00,2025-01-30 23:05:00,2025-01-30 23:05:00,A320neo,165,On Time,5.0,350,Domestic,11879.5,7602.55,3193.07,128,0.7758,False,False
FLT00466,HF102,R002,2025-01-30,2025-01-30 08:00:00,2025-01-30 07:55:00,2025-01-30 09:05:00,2025-01-30 09:00:00,A320neo,165,On Time,0.0,470,Domestic,12440.57,7452.55,3130.07,128,0.7758,False,False
FLT00467,HF103,R003,2025-01-30,2025-01-30 22:30:00,2025-01-30 22:30:00,2025-01-30 23:40:00,2025-01-30 23:35:00,A320neo,165,On Time,0.0,520,Domestic,12207.67,8448.31,3548.29,128,0.7758,False,False
FLT00468,HF104,R004,2025-01-30,2025-01-30 16:45:00,2025-01-30 17:15:00,2025-01-30 17:55:00,2025-01-30 18:20:00,A320,150,Delayed,30.0,420,Regional,27523.96,19824.6,8326.33,117,0.78,True,False
FLT00469,HF104,R004,2025-01-30,2025-01-30 13:15:00,2025-01-30 13:15:00,2025-01-30 14:25:00,2025-01-30 14:20:00,A320,150,On Time,0.0,420,Regional,20109.39,14577.6,6122.59,117,0.78,False,False
FLT00470,HF105,R005,2025-01-30,2025-01-30 10:15:00,2025-01-30 10:15:00,2025-01-30 12:25:00,2025-01-30 12:20:00,A320neo,165,Delayed,0.0,920,Regional,25685.53,15870.18,6665.48,128,0.7758,True,False
FLT00471,HF105,R005,2025-01-30,2025-01-30 16:30:00,2025-01-30 16:30:00,2025-01-30 18:40:00,2025-01-30 18:35:00,A320neo,165,On Time,0.0,920,Regional,24617.31,16153.14,6784.32,128,0.7758,False,False
FLT00472,HF106,R006,2025-01-30,2025-01-30 22:30:00,2025-01-30 22:35:00,2025-01-31 00:05:00,2025-01-31 00:05:00,A320neo,165,On Time,5.0,830,Regional,25335.49,15193.22,6381.15,128,0.7758,False,False
FLT00473,HF106,R006,2025-01-30,2025-01-30 10:00:00,2025-01-30 10:00:00,2025-01-30 11:35:00,2025-01-30 11:30:00,A319,122,On Time,0.0,830,Regional,16106.05,9646.87,4051.69,95,0.7787,False,False
FLT00474,HF107,R007,2025-01-30,2025-01-30 13:00:00,2025-01-30 13:05:00,2025-01-30 14:25:00,2025-01-30 14:25:00,A320,150,On Time,5.0,650,Regional,19975.13,11630.54,4884.83,117,0.78,False,False
FLT00475,HF108,R008,2025-01-30,2025-01-30 19:00:00,2025-01-30 18:55:00,2025-01-30 20:40:00,2025-01-30 20:35:00,A319,122,On Time,0.0,790,Regional,17313.37,12777.33,5366.48,95,0.7787,False,False
FLT00476,HF109,R009,2025-01-30,2025-01-30 13:30:00,2025-01-30 14:15:00,2025-01-30 20:00:00,2025-01-30 20:40:00,A330-900neo,242,Delayed,45.0,4880,International,103988.27,75661.63,31777.88,188,0.7769,True,False
FLT00477,HF109,R009,2025-01-30,2025-01-30 13:30:00,2025-01-30 13:35:00,2025-01-30 20:00:00,2025-01-30 20:00:00,A330-900neo,242,On Time,5.0,4880,International,109546.99,77282.31,32458.57,188,0.7769,False,False
FLT00478,HF110,R010,2025-01-30,2025-01-30 19:30:00,2025-01-30 19:30:00,2025-01-30 20:40:00,2025-01-30 20:35:00,A320,150,On Time,0.0,420,Regional,24438.84,15971.57,6708.06,117,0.78,False,False
FLT00479,HF111,R011,2025-01-30,2025-01-30 08:00:00,2025-01-30 08:00:00,2025-01-30 10:10:00,2025-01-30 10:05:00,A320,150,On Time,0.0,920,Regional,24660.13,15982.76,6712.76,117,0.78,False,False
FLT00480,HF112,R012,2025-01-30,2025-01-30 08:45:00,2025-01-30 09:00:00,2025-01-30 10:20:00,2025-01-30 10:30:00,A320neo,165,Delayed,15.0,830,Regional,24696.94,16199.94,6803.97,128,0.7758,True,False
